-- phpMyAdmin SQL Dump
-- version 5.2.1
-- https://www.phpmyadmin.net/
--
-- Host: localhost:3306
-- Generation Time: Jan 15, 2024 at 04:36 PM
-- Server version: 10.5.23-MariaDB-cll-lve
-- PHP Version: 8.1.25

SET SQL_MODE = "NO_AUTO_VALUE_ON_ZERO";
START TRANSACTION;
SET time_zone = "+00:00";


/*!40101 SET @OLD_CHARACTER_SET_CLIENT=@@CHARACTER_SET_CLIENT */;
/*!40101 SET @OLD_CHARACTER_SET_RESULTS=@@CHARACTER_SET_RESULTS */;
/*!40101 SET @OLD_COLLATION_CONNECTION=@@COLLATION_CONNECTION */;
/*!40101 SET NAMES utf8mb4 */;

--
-- Database: `zeqn2477_warungpinkcafe`
--

-- --------------------------------------------------------

--
-- Table structure for table `failed_jobs`
--

CREATE TABLE `failed_jobs` (
  `id` bigint(20) UNSIGNED NOT NULL,
  `uuid` varchar(255) NOT NULL,
  `connection` text NOT NULL,
  `queue` text NOT NULL,
  `payload` longtext NOT NULL,
  `exception` longtext NOT NULL,
  `failed_at` timestamp NOT NULL DEFAULT current_timestamp()
) ENGINE=InnoDB DEFAULT CHARSET=utf8mb4 COLLATE=utf8mb4_unicode_ci;

-- --------------------------------------------------------

--
-- Table structure for table `menucategories`
--

CREATE TABLE `menucategories` (
  `id` bigint(20) UNSIGNED NOT NULL,
  `kategori` varchar(255) NOT NULL,
  `menu_id` bigint(20) UNSIGNED NOT NULL,
  `deleted_at` timestamp NULL DEFAULT NULL,
  `created_at` timestamp NULL DEFAULT NULL,
  `updated_at` timestamp NULL DEFAULT NULL
) ENGINE=InnoDB DEFAULT CHARSET=utf8mb4 COLLATE=utf8mb4_unicode_ci;

--
-- Dumping data for table `menucategories`
--

INSERT INTO `menucategories` (`id`, `kategori`, `menu_id`, `deleted_at`, `created_at`, `updated_at`) VALUES
(1, 'Juice', 1, '2024-01-14 02:59:25', '2024-01-14 02:07:31', '2024-01-14 02:59:25'),
(2, 'Dingin', 1, '2024-01-14 02:59:25', '2024-01-14 02:07:31', '2024-01-14 02:59:25'),
(3, 'Juice', 1, '2024-01-14 11:10:26', '2024-01-14 02:59:25', '2024-01-14 11:10:26'),
(4, 'Sandingan Snack', 1, '2024-01-14 11:10:26', '2024-01-14 02:59:25', '2024-01-14 11:10:26'),
(5, 'Dingin', 1, '2024-01-14 11:10:26', '2024-01-14 02:59:25', '2024-01-14 11:10:26'),
(6, 'Juice', 2, '2024-01-14 11:20:31', '2024-01-14 06:58:28', '2024-01-14 11:20:31'),
(7, 'Dingin', 2, '2024-01-14 11:20:31', '2024-01-14 06:58:28', '2024-01-14 11:20:31'),
(8, 'Manis', 2, '2024-01-14 11:20:31', '2024-01-14 06:58:28', '2024-01-14 11:20:31'),
(9, 'Juice', 3, '2024-01-14 11:20:49', '2024-01-14 06:59:33', '2024-01-14 11:20:49'),
(10, 'Dingin', 3, '2024-01-14 11:20:49', '2024-01-14 06:59:33', '2024-01-14 11:20:49'),
(11, 'Manis', 3, '2024-01-14 11:20:49', '2024-01-14 06:59:33', '2024-01-14 11:20:49'),
(12, 'Juice', 4, '2024-01-14 11:21:11', '2024-01-14 07:12:39', '2024-01-14 11:21:11'),
(13, 'Dingin', 4, '2024-01-14 11:21:11', '2024-01-14 07:12:39', '2024-01-14 11:21:11'),
(14, 'Manis', 4, '2024-01-14 11:21:11', '2024-01-14 07:12:39', '2024-01-14 11:21:11'),
(15, 'Juice', 5, '2024-01-14 11:21:34', '2024-01-14 07:13:02', '2024-01-14 11:21:34'),
(16, 'Dingin', 5, '2024-01-14 11:21:34', '2024-01-14 07:13:02', '2024-01-14 11:21:34'),
(17, 'Manis', 5, '2024-01-14 11:21:34', '2024-01-14 07:13:02', '2024-01-14 11:21:34'),
(18, 'Juice', 6, '2024-01-14 11:21:51', '2024-01-14 07:16:09', '2024-01-14 11:21:51'),
(19, 'Dingin', 6, '2024-01-14 11:21:51', '2024-01-14 07:16:09', '2024-01-14 11:21:51'),
(20, 'Manis', 6, '2024-01-14 11:21:51', '2024-01-14 07:16:09', '2024-01-14 11:21:51'),
(21, 'Soft Drink', 7, '2024-01-14 11:22:08', '2024-01-14 07:16:32', '2024-01-14 11:22:08'),
(22, 'Dingin', 7, '2024-01-14 11:22:08', '2024-01-14 07:16:32', '2024-01-14 11:22:08'),
(23, 'Manis', 7, '2024-01-14 11:22:08', '2024-01-14 07:16:32', '2024-01-14 11:22:08'),
(24, 'Juice', 8, '2024-01-14 11:22:26', '2024-01-14 07:18:27', '2024-01-14 11:22:26'),
(25, 'Dingin', 8, '2024-01-14 11:22:26', '2024-01-14 07:18:27', '2024-01-14 11:22:26'),
(26, 'Manis', 8, '2024-01-14 11:22:26', '2024-01-14 07:18:27', '2024-01-14 11:22:26'),
(27, 'Juice', 9, '2024-01-14 11:22:43', '2024-01-14 07:20:10', '2024-01-14 11:22:43'),
(28, 'Dingin', 9, '2024-01-14 11:22:43', '2024-01-14 07:20:10', '2024-01-14 11:22:43'),
(29, 'Manis', 9, '2024-01-14 11:22:43', '2024-01-14 07:20:10', '2024-01-14 11:22:43'),
(30, 'Juice', 10, '2024-01-14 11:30:04', '2024-01-14 07:20:40', '2024-01-14 11:30:04'),
(31, 'Manis', 10, '2024-01-14 11:30:04', '2024-01-14 07:20:40', '2024-01-14 11:30:04'),
(32, 'Juice', 11, '2024-01-14 11:30:41', '2024-01-14 07:21:02', '2024-01-14 11:30:41'),
(33, 'Dingin', 11, '2024-01-14 11:30:41', '2024-01-14 07:21:02', '2024-01-14 11:30:41'),
(34, 'Manis', 11, '2024-01-14 11:30:41', '2024-01-14 07:21:02', '2024-01-14 11:30:41'),
(35, 'Soft Drink', 12, '2024-01-14 11:31:20', '2024-01-14 07:23:24', '2024-01-14 11:31:20'),
(36, 'Dingin', 12, '2024-01-14 11:31:20', '2024-01-14 07:23:24', '2024-01-14 11:31:20'),
(37, 'Manis', 12, '2024-01-14 11:31:20', '2024-01-14 07:23:24', '2024-01-14 11:31:20'),
(38, 'Soft Drink', 13, '2024-01-14 11:31:41', '2024-01-14 07:23:50', '2024-01-14 11:31:41'),
(39, 'Dingin', 13, '2024-01-14 11:31:41', '2024-01-14 07:23:50', '2024-01-14 11:31:41'),
(40, 'Manis', 13, '2024-01-14 11:31:41', '2024-01-14 07:23:50', '2024-01-14 11:31:41'),
(41, 'Soft Drink', 14, '2024-01-14 11:32:05', '2024-01-14 07:24:16', '2024-01-14 11:32:05'),
(42, 'Dingin', 14, '2024-01-14 11:32:05', '2024-01-14 07:24:16', '2024-01-14 11:32:05'),
(43, 'Manis', 14, '2024-01-14 11:32:05', '2024-01-14 07:24:16', '2024-01-14 11:32:05'),
(44, 'Soft Drink', 15, '2024-01-14 11:32:27', '2024-01-14 07:24:54', '2024-01-14 11:32:27'),
(45, 'Dingin', 15, '2024-01-14 11:32:27', '2024-01-14 07:24:55', '2024-01-14 11:32:27'),
(46, 'Manis', 15, '2024-01-14 11:32:27', '2024-01-14 07:24:55', '2024-01-14 11:32:27'),
(47, 'Soft Drink', 16, '2024-01-14 09:28:10', '2024-01-14 07:25:23', '2024-01-14 09:28:10'),
(48, 'Dingin', 16, '2024-01-14 09:28:10', '2024-01-14 07:25:23', '2024-01-14 09:28:10'),
(49, 'Manis', 16, '2024-01-14 09:28:10', '2024-01-14 07:25:23', '2024-01-14 09:28:10'),
(50, 'Soft Drink', 17, '2024-01-14 09:28:22', '2024-01-14 07:25:48', '2024-01-14 09:28:22'),
(51, 'Dingin', 17, '2024-01-14 09:28:22', '2024-01-14 07:25:48', '2024-01-14 09:28:22'),
(52, 'Manis', 17, '2024-01-14 09:28:22', '2024-01-14 07:25:48', '2024-01-14 09:28:22'),
(53, 'Soft Drink', 18, '2024-01-14 11:33:32', '2024-01-14 07:26:12', '2024-01-14 11:33:32'),
(54, 'Dingin', 18, '2024-01-14 11:33:32', '2024-01-14 07:26:12', '2024-01-14 11:33:32'),
(55, 'Manis', 18, '2024-01-14 11:33:32', '2024-01-14 07:26:12', '2024-01-14 11:33:32'),
(56, 'Soft Drink', 19, '2024-01-14 11:34:00', '2024-01-14 07:26:40', '2024-01-14 11:34:00'),
(57, 'Dingin', 19, '2024-01-14 11:34:00', '2024-01-14 07:26:40', '2024-01-14 11:34:00'),
(58, 'Manis', 19, '2024-01-14 11:34:00', '2024-01-14 07:26:40', '2024-01-14 11:34:00'),
(59, 'Soft Drink', 20, '2024-01-14 11:34:18', '2024-01-14 07:27:28', '2024-01-14 11:34:18'),
(60, 'Dingin', 20, '2024-01-14 11:34:18', '2024-01-14 07:27:28', '2024-01-14 11:34:18'),
(61, 'Manis', 20, '2024-01-14 11:34:18', '2024-01-14 07:27:28', '2024-01-14 11:34:18'),
(62, 'Soft Drink', 21, '2024-01-14 11:34:35', '2024-01-14 07:27:52', '2024-01-14 11:34:35'),
(63, 'Dingin', 21, '2024-01-14 11:34:35', '2024-01-14 07:27:52', '2024-01-14 11:34:35'),
(64, 'Manis', 21, '2024-01-14 11:34:35', '2024-01-14 07:27:52', '2024-01-14 11:34:35'),
(65, 'Soft Drink', 22, '2024-01-14 11:34:50', '2024-01-14 07:28:17', '2024-01-14 11:34:50'),
(66, 'Dingin', 22, '2024-01-14 11:34:50', '2024-01-14 07:28:17', '2024-01-14 11:34:50'),
(67, 'Manis', 22, '2024-01-14 11:34:50', '2024-01-14 07:28:17', '2024-01-14 11:34:50'),
(68, 'Soft Drink', 23, '2024-01-14 11:41:47', '2024-01-14 07:28:45', '2024-01-14 11:41:47'),
(69, 'Dingin', 23, '2024-01-14 11:41:47', '2024-01-14 07:28:45', '2024-01-14 11:41:47'),
(70, 'Manis', 23, '2024-01-14 11:41:47', '2024-01-14 07:28:45', '2024-01-14 11:41:47'),
(71, 'Soft Drink', 24, '2024-01-14 11:37:31', '2024-01-14 07:29:07', '2024-01-14 11:37:31'),
(72, 'Dingin', 24, '2024-01-14 11:37:31', '2024-01-14 07:29:07', '2024-01-14 11:37:31'),
(73, 'Manis', 24, '2024-01-14 11:37:31', '2024-01-14 07:29:07', '2024-01-14 11:37:31'),
(74, 'Soft Drink', 25, '2024-01-14 11:38:03', '2024-01-14 07:29:30', '2024-01-14 11:38:03'),
(75, 'Dingin', 25, '2024-01-14 11:38:03', '2024-01-14 07:29:30', '2024-01-14 11:38:03'),
(76, 'Manis', 25, '2024-01-14 11:38:03', '2024-01-14 07:29:30', '2024-01-14 11:38:03'),
(77, 'Soft Drink', 26, '2024-01-14 11:38:24', '2024-01-14 07:29:51', '2024-01-14 11:38:24'),
(78, 'Dingin', 26, '2024-01-14 11:38:24', '2024-01-14 07:29:51', '2024-01-14 11:38:24'),
(79, 'Manis', 26, '2024-01-14 11:38:24', '2024-01-14 07:29:51', '2024-01-14 11:38:24'),
(80, 'Soft Drink', 27, '2024-01-14 11:38:46', '2024-01-14 07:30:15', '2024-01-14 11:38:46'),
(81, 'Dingin', 27, '2024-01-14 11:38:46', '2024-01-14 07:30:15', '2024-01-14 11:38:46'),
(82, 'Teh', 28, '2024-01-14 09:27:05', '2024-01-14 07:31:04', '2024-01-14 09:27:05'),
(83, 'Dingin', 28, '2024-01-14 09:27:05', '2024-01-14 07:31:04', '2024-01-14 09:27:05'),
(84, 'Manis', 28, '2024-01-14 09:27:05', '2024-01-14 07:31:04', '2024-01-14 09:27:05'),
(85, 'Panas', 28, '2024-01-14 09:27:05', '2024-01-14 07:31:04', '2024-01-14 09:27:05'),
(86, 'Teh', 29, '2024-01-14 09:26:53', '2024-01-14 07:31:26', '2024-01-14 09:26:53'),
(87, 'Dingin', 29, '2024-01-14 09:26:53', '2024-01-14 07:31:26', '2024-01-14 09:26:53'),
(88, 'Panas', 29, '2024-01-14 09:26:53', '2024-01-14 07:31:26', '2024-01-14 09:26:53'),
(89, 'Teh', 30, '2024-01-14 11:39:58', '2024-01-14 07:31:54', '2024-01-14 11:39:58'),
(90, 'Dingin', 30, '2024-01-14 11:39:58', '2024-01-14 07:31:54', '2024-01-14 11:39:58'),
(91, 'Manis', 30, '2024-01-14 11:39:58', '2024-01-14 07:31:54', '2024-01-14 11:39:58'),
(92, 'Kopi', 31, '2024-01-14 11:29:16', '2024-01-14 07:34:10', '2024-01-14 11:29:16'),
(93, 'Dingin', 31, '2024-01-14 11:29:16', '2024-01-14 07:34:10', '2024-01-14 11:29:16'),
(94, 'Manis', 31, '2024-01-14 11:29:16', '2024-01-14 07:34:10', '2024-01-14 11:29:16'),
(95, 'Pahit', 31, '2024-01-14 11:29:16', '2024-01-14 07:34:10', '2024-01-14 11:29:16'),
(96, 'Kopi', 32, '2024-01-14 09:28:45', '2024-01-14 07:34:35', '2024-01-14 09:28:45'),
(97, 'Dingin', 32, '2024-01-14 09:28:45', '2024-01-14 07:34:35', '2024-01-14 09:28:45'),
(98, 'Manis', 32, '2024-01-14 09:28:45', '2024-01-14 07:34:35', '2024-01-14 09:28:45'),
(99, 'Pahit', 32, '2024-01-14 09:28:45', '2024-01-14 07:34:35', '2024-01-14 09:28:45'),
(100, 'Panas', 32, '2024-01-14 09:28:45', '2024-01-14 07:34:35', '2024-01-14 09:28:45'),
(101, 'Kopi', 33, '2024-01-14 09:28:56', '2024-01-14 07:34:58', '2024-01-14 09:28:56'),
(102, 'Dingin', 33, '2024-01-14 09:28:56', '2024-01-14 07:34:58', '2024-01-14 09:28:56'),
(103, 'Manis', 33, '2024-01-14 09:28:56', '2024-01-14 07:34:59', '2024-01-14 09:28:56'),
(104, 'Panas', 33, '2024-01-14 09:28:56', '2024-01-14 07:34:59', '2024-01-14 09:28:56'),
(105, 'Kopi', 34, '2024-01-14 11:31:48', '2024-01-14 07:35:19', '2024-01-14 11:31:48'),
(106, 'Dingin', 34, '2024-01-14 11:31:48', '2024-01-14 07:35:19', '2024-01-14 11:31:48'),
(107, 'Manis', 34, '2024-01-14 11:31:48', '2024-01-14 07:35:19', '2024-01-14 11:31:48'),
(108, 'Pahit', 34, '2024-01-14 11:31:48', '2024-01-14 07:35:19', '2024-01-14 11:31:48'),
(109, 'Panas', 34, '2024-01-14 11:31:48', '2024-01-14 07:35:19', '2024-01-14 11:31:48'),
(110, 'Kopi', 35, '2024-01-14 11:32:30', '2024-01-14 07:35:44', '2024-01-14 11:32:30'),
(111, 'Dingin', 35, '2024-01-14 11:32:30', '2024-01-14 07:35:44', '2024-01-14 11:32:30'),
(112, 'Manis', 35, '2024-01-14 11:32:30', '2024-01-14 07:35:44', '2024-01-14 11:32:30'),
(113, 'Pahit', 35, '2024-01-14 11:32:30', '2024-01-14 07:35:44', '2024-01-14 11:32:30'),
(114, 'Panas', 35, '2024-01-14 11:32:30', '2024-01-14 07:35:44', '2024-01-14 11:32:30'),
(115, 'Kopi', 36, '2024-01-14 11:34:59', '2024-01-14 07:36:07', '2024-01-14 11:34:59'),
(116, 'Dingin', 36, '2024-01-14 11:34:59', '2024-01-14 07:36:07', '2024-01-14 11:34:59'),
(117, 'Manis', 36, '2024-01-14 11:34:59', '2024-01-14 07:36:07', '2024-01-14 11:34:59'),
(118, 'Pahit', 36, '2024-01-14 11:34:59', '2024-01-14 07:36:07', '2024-01-14 11:34:59'),
(119, 'Panas', 36, '2024-01-14 11:34:59', '2024-01-14 07:36:07', '2024-01-14 11:34:59'),
(120, 'Kopi', 37, '2024-01-14 11:35:32', '2024-01-14 07:36:26', '2024-01-14 11:35:32'),
(121, 'Dingin', 37, '2024-01-14 11:35:32', '2024-01-14 07:36:26', '2024-01-14 11:35:32'),
(122, 'Manis', 37, '2024-01-14 11:35:32', '2024-01-14 07:36:26', '2024-01-14 11:35:32'),
(123, 'Pahit', 37, '2024-01-14 11:35:32', '2024-01-14 07:36:26', '2024-01-14 11:35:32'),
(124, 'Panas', 37, '2024-01-14 11:35:32', '2024-01-14 07:36:26', '2024-01-14 11:35:32'),
(125, 'Kopi', 38, '2024-01-14 11:36:00', '2024-01-14 07:36:48', '2024-01-14 11:36:00'),
(126, 'Dingin', 38, '2024-01-14 11:36:00', '2024-01-14 07:36:48', '2024-01-14 11:36:00'),
(127, 'Manis', 38, '2024-01-14 11:36:00', '2024-01-14 07:36:48', '2024-01-14 11:36:00'),
(128, 'Pahit', 38, '2024-01-14 11:36:00', '2024-01-14 07:36:48', '2024-01-14 11:36:00'),
(129, 'Panas', 38, '2024-01-14 11:36:00', '2024-01-14 07:36:48', '2024-01-14 11:36:00'),
(130, 'Kopi', 39, '2024-01-14 11:36:23', '2024-01-14 07:37:09', '2024-01-14 11:36:23'),
(131, 'Dingin', 39, '2024-01-14 11:36:23', '2024-01-14 07:37:09', '2024-01-14 11:36:23'),
(132, 'Manis', 39, '2024-01-14 11:36:23', '2024-01-14 07:37:09', '2024-01-14 11:36:23'),
(133, 'Pahit', 39, '2024-01-14 11:36:23', '2024-01-14 07:37:09', '2024-01-14 11:36:23'),
(134, 'Panas', 39, '2024-01-14 11:36:23', '2024-01-14 07:37:09', '2024-01-14 11:36:23'),
(135, 'Kopi', 40, '2024-01-14 11:36:51', '2024-01-14 07:37:28', '2024-01-14 11:36:51'),
(136, 'Dingin', 40, '2024-01-14 11:36:51', '2024-01-14 07:37:28', '2024-01-14 11:36:51'),
(137, 'Manis', 40, '2024-01-14 11:36:51', '2024-01-14 07:37:28', '2024-01-14 11:36:51'),
(138, 'Pahit', 40, '2024-01-14 11:36:51', '2024-01-14 07:37:28', '2024-01-14 11:36:51'),
(139, 'Panas', 40, '2024-01-14 11:36:51', '2024-01-14 07:37:28', '2024-01-14 11:36:51'),
(140, 'Snack', 41, '2024-01-14 09:29:25', '2024-01-14 07:38:17', '2024-01-14 09:29:25'),
(141, 'Manis', 41, '2024-01-14 09:29:25', '2024-01-14 07:38:17', '2024-01-14 09:29:25'),
(142, 'Snack', 42, '2024-01-14 09:31:32', '2024-01-14 07:38:38', '2024-01-14 09:31:32'),
(143, 'Snack', 43, '2024-01-14 11:39:20', '2024-01-14 07:39:01', '2024-01-14 11:39:20'),
(144, 'Snack', 44, '2024-01-14 09:29:35', '2024-01-14 07:39:15', '2024-01-14 09:29:35'),
(145, 'Snack', 45, '2024-01-14 09:27:20', '2024-01-14 07:39:38', '2024-01-14 09:27:20'),
(146, 'Snack', 46, '2024-01-14 09:28:32', '2024-01-14 07:40:17', '2024-01-14 09:28:32'),
(147, 'Mie', 47, '2024-01-14 09:30:34', '2024-01-14 07:42:12', '2024-01-14 09:30:34'),
(148, 'Pedas', 47, '2024-01-14 09:30:35', '2024-01-14 07:42:12', '2024-01-14 09:30:35'),
(149, 'Mie', 48, '2024-01-14 09:30:49', '2024-01-14 07:42:30', '2024-01-14 09:30:49'),
(150, 'Mie', 49, '2024-01-14 09:31:03', '2024-01-14 07:42:48', '2024-01-14 09:31:03'),
(151, 'Mie', 50, '2024-01-14 09:31:12', '2024-01-14 07:43:13', '2024-01-14 09:31:12'),
(152, 'Mie', 51, '2024-01-14 09:31:22', '2024-01-14 07:44:06', '2024-01-14 09:31:22'),
(153, 'Mie', 52, '2024-01-14 09:32:15', '2024-01-14 07:44:26', '2024-01-14 09:32:15'),
(154, 'Nasi', 53, '2024-01-14 09:30:14', '2024-01-14 07:44:58', '2024-01-14 09:30:14'),
(155, 'Nasi', 54, '2024-01-14 09:32:37', '2024-01-14 07:45:13', '2024-01-14 09:32:37'),
(156, 'Nasi', 55, '2024-01-14 09:32:02', '2024-01-14 07:45:30', '2024-01-14 09:32:02'),
(157, 'Nasi', 56, '2024-01-14 11:49:59', '2024-01-14 07:45:47', '2024-01-14 11:49:59'),
(158, 'Paketan', 57, '2024-01-14 11:51:05', '2024-01-14 07:46:48', '2024-01-14 11:51:05'),
(159, 'Paketan', 58, '2024-01-14 11:51:46', '2024-01-14 07:47:09', '2024-01-14 11:51:46'),
(160, 'Paketan', 59, '2024-01-14 11:52:21', '2024-01-14 07:47:31', '2024-01-14 11:52:21'),
(161, 'Paketan', 60, '2024-01-14 11:53:58', '2024-01-14 07:47:50', '2024-01-14 11:53:58'),
(162, 'Paketan', 61, '2024-01-14 11:54:33', '2024-01-14 07:48:17', '2024-01-14 11:54:33'),
(163, 'Paketan', 62, '2024-01-14 11:55:27', '2024-01-14 07:48:35', '2024-01-14 11:55:27'),
(164, 'Teh', 29, '2024-01-14 09:27:40', '2024-01-14 09:26:53', '2024-01-14 09:27:40'),
(165, 'Sandingan Nasi', 29, '2024-01-14 09:27:40', '2024-01-14 09:26:53', '2024-01-14 09:27:40'),
(166, 'Dingin', 29, '2024-01-14 09:27:40', '2024-01-14 09:26:53', '2024-01-14 09:27:40'),
(167, 'Panas', 29, '2024-01-14 09:27:40', '2024-01-14 09:26:53', '2024-01-14 09:27:40'),
(168, 'Teh', 28, '2024-01-14 09:29:11', '2024-01-14 09:27:05', '2024-01-14 09:29:11'),
(169, 'Sandingan Nasi', 28, '2024-01-14 09:29:11', '2024-01-14 09:27:05', '2024-01-14 09:29:11'),
(170, 'Dingin', 28, '2024-01-14 09:29:11', '2024-01-14 09:27:05', '2024-01-14 09:29:11'),
(171, 'Manis', 28, '2024-01-14 09:29:11', '2024-01-14 09:27:05', '2024-01-14 09:29:11'),
(172, 'Panas', 28, '2024-01-14 09:29:11', '2024-01-14 09:27:05', '2024-01-14 09:29:11'),
(173, 'Snack', 45, '2024-01-14 09:29:49', '2024-01-14 09:27:20', '2024-01-14 09:29:49'),
(174, 'Sandingan Nasi', 45, '2024-01-14 09:29:49', '2024-01-14 09:27:20', '2024-01-14 09:29:49'),
(175, 'Teh', 29, '2024-01-14 11:40:21', '2024-01-14 09:27:40', '2024-01-14 11:40:21'),
(176, 'Sandingan Nasi', 29, '2024-01-14 11:40:21', '2024-01-14 09:27:40', '2024-01-14 11:40:21'),
(177, 'Sandingan Mie', 29, '2024-01-14 11:40:21', '2024-01-14 09:27:40', '2024-01-14 11:40:21'),
(178, 'Dingin', 29, '2024-01-14 11:40:21', '2024-01-14 09:27:40', '2024-01-14 11:40:21'),
(179, 'Panas', 29, '2024-01-14 11:40:21', '2024-01-14 09:27:40', '2024-01-14 11:40:21'),
(180, 'Soft Drink', 16, '2024-01-14 11:32:50', '2024-01-14 09:28:10', '2024-01-14 11:32:50'),
(181, 'Sandingan Mie', 16, '2024-01-14 11:32:50', '2024-01-14 09:28:10', '2024-01-14 11:32:50'),
(182, 'Dingin', 16, '2024-01-14 11:32:50', '2024-01-14 09:28:10', '2024-01-14 11:32:50'),
(183, 'Manis', 16, '2024-01-14 11:32:50', '2024-01-14 09:28:10', '2024-01-14 11:32:50'),
(184, 'Soft Drink', 17, '2024-01-14 11:33:12', '2024-01-14 09:28:22', '2024-01-14 11:33:12'),
(185, 'Sandingan Mie', 17, '2024-01-14 11:33:12', '2024-01-14 09:28:22', '2024-01-14 11:33:12'),
(186, 'Dingin', 17, '2024-01-14 11:33:12', '2024-01-14 09:28:22', '2024-01-14 11:33:12'),
(187, 'Manis', 17, '2024-01-14 11:33:12', '2024-01-14 09:28:22', '2024-01-14 11:33:12'),
(188, 'Snack', 46, '2024-01-14 11:41:46', '2024-01-14 09:28:32', '2024-01-14 11:41:46'),
(189, 'Sandingan Mie', 46, '2024-01-14 11:41:46', '2024-01-14 09:28:32', '2024-01-14 11:41:46'),
(190, 'Kopi', 32, '2024-01-14 11:30:30', '2024-01-14 09:28:46', '2024-01-14 11:30:30'),
(191, 'Sandingan Snack', 32, '2024-01-14 11:30:30', '2024-01-14 09:28:46', '2024-01-14 11:30:30'),
(192, 'Dingin', 32, '2024-01-14 11:30:30', '2024-01-14 09:28:46', '2024-01-14 11:30:30'),
(193, 'Manis', 32, '2024-01-14 11:30:30', '2024-01-14 09:28:46', '2024-01-14 11:30:30'),
(194, 'Pahit', 32, '2024-01-14 11:30:30', '2024-01-14 09:28:46', '2024-01-14 11:30:30'),
(195, 'Panas', 32, '2024-01-14 11:30:30', '2024-01-14 09:28:46', '2024-01-14 11:30:30'),
(196, 'Kopi', 33, '2024-01-14 11:31:07', '2024-01-14 09:28:56', '2024-01-14 11:31:07'),
(197, 'Sandingan Snack', 33, '2024-01-14 11:31:07', '2024-01-14 09:28:56', '2024-01-14 11:31:07'),
(198, 'Dingin', 33, '2024-01-14 11:31:07', '2024-01-14 09:28:56', '2024-01-14 11:31:07'),
(199, 'Manis', 33, '2024-01-14 11:31:07', '2024-01-14 09:28:56', '2024-01-14 11:31:07'),
(200, 'Panas', 33, '2024-01-14 11:31:07', '2024-01-14 09:28:56', '2024-01-14 11:31:07'),
(201, 'Teh', 28, '2024-01-14 11:39:09', '2024-01-14 09:29:11', '2024-01-14 11:39:09'),
(202, 'Sandingan Nasi', 28, '2024-01-14 11:39:09', '2024-01-14 09:29:11', '2024-01-14 11:39:09'),
(203, 'Sandingan Snack', 28, '2024-01-14 11:39:09', '2024-01-14 09:29:11', '2024-01-14 11:39:09'),
(204, 'Dingin', 28, '2024-01-14 11:39:09', '2024-01-14 09:29:11', '2024-01-14 11:39:09'),
(205, 'Manis', 28, '2024-01-14 11:39:09', '2024-01-14 09:29:11', '2024-01-14 11:39:09'),
(206, 'Panas', 28, '2024-01-14 11:39:09', '2024-01-14 09:29:11', '2024-01-14 11:39:09'),
(207, 'Snack', 41, '2024-01-14 11:37:45', '2024-01-14 09:29:25', '2024-01-14 11:37:45'),
(208, 'Sandingan Kopi', 41, '2024-01-14 11:37:45', '2024-01-14 09:29:25', '2024-01-14 11:37:45'),
(209, 'Manis', 41, '2024-01-14 11:37:45', '2024-01-14 09:29:25', '2024-01-14 11:37:45'),
(210, 'Snack', 44, '2024-01-14 11:39:58', '2024-01-14 09:29:35', '2024-01-14 11:39:58'),
(211, 'Sandingan Kopi', 44, '2024-01-14 11:39:58', '2024-01-14 09:29:35', '2024-01-14 11:39:58'),
(212, 'Snack', 45, '2024-01-14 11:41:17', '2024-01-14 09:29:49', '2024-01-14 11:41:17'),
(213, 'Sandingan Nasi', 45, '2024-01-14 11:41:17', '2024-01-14 09:29:49', '2024-01-14 11:41:17'),
(214, 'Sandingan Kopi', 45, '2024-01-14 11:41:17', '2024-01-14 09:29:49', '2024-01-14 11:41:17'),
(215, 'Nasi', 53, '2024-01-14 11:48:54', '2024-01-14 09:30:14', '2024-01-14 11:48:54'),
(216, 'Sandingan Teh', 53, '2024-01-14 11:48:54', '2024-01-14 09:30:14', '2024-01-14 11:48:54'),
(217, 'Mie', 47, '2024-01-14 09:32:27', '2024-01-14 09:30:35', '2024-01-14 09:32:27'),
(218, 'Sandingan Teh', 47, '2024-01-14 09:32:27', '2024-01-14 09:30:35', '2024-01-14 09:32:27'),
(219, 'Pedas', 47, '2024-01-14 09:32:27', '2024-01-14 09:30:35', '2024-01-14 09:32:27'),
(220, 'Mie', 48, '2024-01-14 11:43:05', '2024-01-14 09:30:49', '2024-01-14 11:43:05'),
(221, 'Sandingan Teh', 48, '2024-01-14 11:43:05', '2024-01-14 09:30:49', '2024-01-14 11:43:05'),
(222, 'Mie', 49, '2024-01-14 09:31:52', '2024-01-14 09:31:03', '2024-01-14 09:31:52'),
(223, 'Sandingan Teh', 49, '2024-01-14 09:31:52', '2024-01-14 09:31:03', '2024-01-14 09:31:52'),
(224, 'Mie', 50, '2024-01-14 11:45:31', '2024-01-14 09:31:12', '2024-01-14 11:45:31'),
(225, 'Sandingan Teh', 50, '2024-01-14 11:45:31', '2024-01-14 09:31:12', '2024-01-14 11:45:31'),
(226, 'Mie', 51, '2024-01-14 11:47:09', '2024-01-14 09:31:22', '2024-01-14 11:47:09'),
(227, 'Sandingan Teh', 51, '2024-01-14 11:47:09', '2024-01-14 09:31:22', '2024-01-14 11:47:09'),
(228, 'Snack', 42, '2024-01-14 09:31:41', '2024-01-14 09:31:32', '2024-01-14 09:31:41'),
(229, 'Soft Drink', 42, '2024-01-14 09:31:41', '2024-01-14 09:31:32', '2024-01-14 09:31:41'),
(230, 'Snack', 42, '2024-01-14 11:38:26', '2024-01-14 09:31:41', '2024-01-14 11:38:26'),
(231, 'Sandingan Soft Drink', 42, '2024-01-14 11:38:26', '2024-01-14 09:31:41', '2024-01-14 11:38:26'),
(232, 'Mie', 49, '2024-01-14 11:43:41', '2024-01-14 09:31:52', '2024-01-14 11:43:41'),
(233, 'Sandingan Teh', 49, '2024-01-14 11:43:41', '2024-01-14 09:31:52', '2024-01-14 11:43:41'),
(234, 'Sandingan Soft Drink', 49, '2024-01-14 11:43:41', '2024-01-14 09:31:52', '2024-01-14 11:43:41'),
(235, 'Nasi', 55, '2024-01-14 11:49:30', '2024-01-14 09:32:02', '2024-01-14 11:49:30'),
(236, 'Sandingan Soft Drink', 55, '2024-01-14 11:49:30', '2024-01-14 09:32:02', '2024-01-14 11:49:30'),
(237, 'Mie', 52, '2024-01-14 11:47:50', '2024-01-14 09:32:15', '2024-01-14 11:47:50'),
(238, 'Sandingan Juice', 52, '2024-01-14 11:47:50', '2024-01-14 09:32:15', '2024-01-14 11:47:50'),
(239, 'Mie', 47, '2024-01-14 11:42:18', '2024-01-14 09:32:27', '2024-01-14 11:42:18'),
(240, 'Sandingan Teh', 47, '2024-01-14 11:42:18', '2024-01-14 09:32:27', '2024-01-14 11:42:18'),
(241, 'Sandingan Juice', 47, '2024-01-14 11:42:18', '2024-01-14 09:32:27', '2024-01-14 11:42:18'),
(242, 'Pedas', 47, '2024-01-14 11:42:18', '2024-01-14 09:32:27', '2024-01-14 11:42:18'),
(243, 'Nasi', 54, '2024-01-14 12:17:04', '2024-01-14 09:32:37', '2024-01-14 12:17:04'),
(244, 'Sandingan Juice', 54, '2024-01-14 12:17:04', '2024-01-14 09:32:37', '2024-01-14 12:17:04'),
(245, 'Juice', 1, '2024-01-14 11:20:13', '2024-01-14 11:10:26', '2024-01-14 11:20:13'),
(246, 'Sandingan Snack', 1, '2024-01-14 11:20:13', '2024-01-14 11:10:26', '2024-01-14 11:20:13'),
(247, 'Dingin', 1, '2024-01-14 11:20:13', '2024-01-14 11:10:26', '2024-01-14 11:20:13'),
(248, 'Juice', 1, '2024-01-14 11:28:06', '2024-01-14 11:20:13', '2024-01-14 11:28:06'),
(249, 'Sandingan Snack', 1, '2024-01-14 11:28:06', '2024-01-14 11:20:13', '2024-01-14 11:28:06'),
(250, 'Dingin', 1, '2024-01-14 11:28:06', '2024-01-14 11:20:13', '2024-01-14 11:28:06'),
(251, 'Juice', 2, NULL, '2024-01-14 11:20:31', '2024-01-14 11:20:31'),
(252, 'Dingin', 2, NULL, '2024-01-14 11:20:31', '2024-01-14 11:20:31'),
(253, 'Manis', 2, NULL, '2024-01-14 11:20:31', '2024-01-14 11:20:31'),
(254, 'Juice', 3, NULL, '2024-01-14 11:20:49', '2024-01-14 11:20:49'),
(255, 'Dingin', 3, NULL, '2024-01-14 11:20:49', '2024-01-14 11:20:49'),
(256, 'Manis', 3, NULL, '2024-01-14 11:20:49', '2024-01-14 11:20:49'),
(257, 'Juice', 4, NULL, '2024-01-14 11:21:11', '2024-01-14 11:21:11'),
(258, 'Dingin', 4, NULL, '2024-01-14 11:21:11', '2024-01-14 11:21:11'),
(259, 'Manis', 4, NULL, '2024-01-14 11:21:11', '2024-01-14 11:21:11'),
(260, 'Juice', 5, '2024-01-14 11:21:35', '2024-01-14 11:21:34', '2024-01-14 11:21:35'),
(261, 'Dingin', 5, '2024-01-14 11:21:35', '2024-01-14 11:21:34', '2024-01-14 11:21:35'),
(262, 'Manis', 5, '2024-01-14 11:21:35', '2024-01-14 11:21:34', '2024-01-14 11:21:35'),
(263, 'Juice', 5, NULL, '2024-01-14 11:21:35', '2024-01-14 11:21:35'),
(264, 'Dingin', 5, NULL, '2024-01-14 11:21:35', '2024-01-14 11:21:35'),
(265, 'Manis', 5, NULL, '2024-01-14 11:21:35', '2024-01-14 11:21:35'),
(266, 'Juice', 6, NULL, '2024-01-14 11:21:51', '2024-01-14 11:21:51'),
(267, 'Dingin', 6, NULL, '2024-01-14 11:21:51', '2024-01-14 11:21:51'),
(268, 'Manis', 6, NULL, '2024-01-14 11:21:51', '2024-01-14 11:21:51'),
(269, 'Soft Drink', 7, '2024-01-14 11:22:13', '2024-01-14 11:22:08', '2024-01-14 11:22:13'),
(270, 'Dingin', 7, '2024-01-14 11:22:13', '2024-01-14 11:22:08', '2024-01-14 11:22:13'),
(271, 'Manis', 7, '2024-01-14 11:22:13', '2024-01-14 11:22:08', '2024-01-14 11:22:13'),
(272, 'Soft Drink', 7, NULL, '2024-01-14 11:22:13', '2024-01-14 11:22:13'),
(273, 'Dingin', 7, NULL, '2024-01-14 11:22:13', '2024-01-14 11:22:13'),
(274, 'Manis', 7, NULL, '2024-01-14 11:22:13', '2024-01-14 11:22:13'),
(275, 'Juice', 8, NULL, '2024-01-14 11:22:26', '2024-01-14 11:22:26'),
(276, 'Dingin', 8, NULL, '2024-01-14 11:22:26', '2024-01-14 11:22:26'),
(277, 'Manis', 8, NULL, '2024-01-14 11:22:26', '2024-01-14 11:22:26'),
(278, 'Juice', 9, NULL, '2024-01-14 11:22:43', '2024-01-14 11:22:43'),
(279, 'Dingin', 9, NULL, '2024-01-14 11:22:43', '2024-01-14 11:22:43'),
(280, 'Manis', 9, NULL, '2024-01-14 11:22:43', '2024-01-14 11:22:43'),
(281, 'Juice', 1, NULL, '2024-01-14 11:28:06', '2024-01-14 11:28:06'),
(282, 'Sandingan Snack', 1, NULL, '2024-01-14 11:28:06', '2024-01-14 11:28:06'),
(283, 'Dingin', 1, NULL, '2024-01-14 11:28:06', '2024-01-14 11:28:06'),
(284, 'Kopi', 31, '2024-01-14 11:29:42', '2024-01-14 11:29:16', '2024-01-14 11:29:42'),
(285, 'Dingin', 31, '2024-01-14 11:29:42', '2024-01-14 11:29:16', '2024-01-14 11:29:42'),
(286, 'Manis', 31, '2024-01-14 11:29:42', '2024-01-14 11:29:16', '2024-01-14 11:29:42'),
(287, 'Pahit', 31, '2024-01-14 11:29:42', '2024-01-14 11:29:16', '2024-01-14 11:29:42'),
(288, 'Kopi', 31, NULL, '2024-01-14 11:29:42', '2024-01-14 11:29:42'),
(289, 'Dingin', 31, NULL, '2024-01-14 11:29:42', '2024-01-14 11:29:42'),
(290, 'Manis', 31, NULL, '2024-01-14 11:29:42', '2024-01-14 11:29:42'),
(291, 'Pahit', 31, NULL, '2024-01-14 11:29:42', '2024-01-14 11:29:42'),
(292, 'Panas', 31, NULL, '2024-01-14 11:29:42', '2024-01-14 11:29:42'),
(293, 'Juice', 10, NULL, '2024-01-14 11:30:04', '2024-01-14 11:30:04'),
(294, 'Manis', 10, NULL, '2024-01-14 11:30:04', '2024-01-14 11:30:04'),
(295, 'Kopi', 32, '2024-01-14 11:32:56', '2024-01-14 11:30:30', '2024-01-14 11:32:56'),
(296, 'Sandingan Snack', 32, '2024-01-14 11:32:56', '2024-01-14 11:30:30', '2024-01-14 11:32:56'),
(297, 'Dingin', 32, '2024-01-14 11:32:56', '2024-01-14 11:30:30', '2024-01-14 11:32:56'),
(298, 'Manis', 32, '2024-01-14 11:32:56', '2024-01-14 11:30:30', '2024-01-14 11:32:56'),
(299, 'Pahit', 32, '2024-01-14 11:32:56', '2024-01-14 11:30:30', '2024-01-14 11:32:56'),
(300, 'Panas', 32, '2024-01-14 11:32:56', '2024-01-14 11:30:30', '2024-01-14 11:32:56'),
(301, 'Juice', 11, NULL, '2024-01-14 11:30:41', '2024-01-14 11:30:41'),
(302, 'Dingin', 11, NULL, '2024-01-14 11:30:41', '2024-01-14 11:30:41'),
(303, 'Manis', 11, NULL, '2024-01-14 11:30:41', '2024-01-14 11:30:41'),
(304, 'Kopi', 33, NULL, '2024-01-14 11:31:07', '2024-01-14 11:31:07'),
(305, 'Sandingan Snack', 33, NULL, '2024-01-14 11:31:07', '2024-01-14 11:31:07'),
(306, 'Dingin', 33, NULL, '2024-01-14 11:31:07', '2024-01-14 11:31:07'),
(307, 'Manis', 33, NULL, '2024-01-14 11:31:07', '2024-01-14 11:31:07'),
(308, 'Panas', 33, NULL, '2024-01-14 11:31:07', '2024-01-14 11:31:07'),
(309, 'Soft Drink', 12, NULL, '2024-01-14 11:31:20', '2024-01-14 11:31:20'),
(310, 'Dingin', 12, NULL, '2024-01-14 11:31:20', '2024-01-14 11:31:20'),
(311, 'Manis', 12, NULL, '2024-01-14 11:31:20', '2024-01-14 11:31:20'),
(312, 'Soft Drink', 13, NULL, '2024-01-14 11:31:41', '2024-01-14 11:31:41'),
(313, 'Dingin', 13, NULL, '2024-01-14 11:31:41', '2024-01-14 11:31:41'),
(314, 'Manis', 13, NULL, '2024-01-14 11:31:41', '2024-01-14 11:31:41'),
(315, 'Kopi', 34, '2024-01-14 11:34:15', '2024-01-14 11:31:48', '2024-01-14 11:34:15'),
(316, 'Dingin', 34, '2024-01-14 11:34:15', '2024-01-14 11:31:48', '2024-01-14 11:34:15'),
(317, 'Manis', 34, '2024-01-14 11:34:15', '2024-01-14 11:31:48', '2024-01-14 11:34:15'),
(318, 'Pahit', 34, '2024-01-14 11:34:15', '2024-01-14 11:31:48', '2024-01-14 11:34:15'),
(319, 'Panas', 34, '2024-01-14 11:34:15', '2024-01-14 11:31:48', '2024-01-14 11:34:15'),
(320, 'Soft Drink', 14, NULL, '2024-01-14 11:32:05', '2024-01-14 11:32:05'),
(321, 'Dingin', 14, NULL, '2024-01-14 11:32:05', '2024-01-14 11:32:05'),
(322, 'Manis', 14, NULL, '2024-01-14 11:32:05', '2024-01-14 11:32:05'),
(323, 'Soft Drink', 15, NULL, '2024-01-14 11:32:27', '2024-01-14 11:32:27'),
(324, 'Dingin', 15, NULL, '2024-01-14 11:32:27', '2024-01-14 11:32:27'),
(325, 'Manis', 15, NULL, '2024-01-14 11:32:27', '2024-01-14 11:32:27'),
(326, 'Kopi', 35, NULL, '2024-01-14 11:32:30', '2024-01-14 11:32:30'),
(327, 'Dingin', 35, NULL, '2024-01-14 11:32:30', '2024-01-14 11:32:30'),
(328, 'Manis', 35, NULL, '2024-01-14 11:32:30', '2024-01-14 11:32:30'),
(329, 'Pahit', 35, NULL, '2024-01-14 11:32:30', '2024-01-14 11:32:30'),
(330, 'Panas', 35, NULL, '2024-01-14 11:32:30', '2024-01-14 11:32:30'),
(331, 'Soft Drink', 16, '2024-01-14 11:32:51', '2024-01-14 11:32:50', '2024-01-14 11:32:51'),
(332, 'Sandingan Mie', 16, '2024-01-14 11:32:51', '2024-01-14 11:32:50', '2024-01-14 11:32:51'),
(333, 'Dingin', 16, '2024-01-14 11:32:51', '2024-01-14 11:32:50', '2024-01-14 11:32:51'),
(334, 'Manis', 16, '2024-01-14 11:32:51', '2024-01-14 11:32:50', '2024-01-14 11:32:51'),
(335, 'Soft Drink', 16, NULL, '2024-01-14 11:32:51', '2024-01-14 11:32:51'),
(336, 'Sandingan Mie', 16, NULL, '2024-01-14 11:32:51', '2024-01-14 11:32:51'),
(337, 'Dingin', 16, NULL, '2024-01-14 11:32:51', '2024-01-14 11:32:51'),
(338, 'Manis', 16, NULL, '2024-01-14 11:32:51', '2024-01-14 11:32:51'),
(339, 'Kopi', 32, NULL, '2024-01-14 11:32:56', '2024-01-14 11:32:56'),
(340, 'Sandingan Snack', 32, NULL, '2024-01-14 11:32:56', '2024-01-14 11:32:56'),
(341, 'Dingin', 32, NULL, '2024-01-14 11:32:56', '2024-01-14 11:32:56'),
(342, 'Manis', 32, NULL, '2024-01-14 11:32:56', '2024-01-14 11:32:56'),
(343, 'Panas', 32, NULL, '2024-01-14 11:32:56', '2024-01-14 11:32:56'),
(344, 'Soft Drink', 17, NULL, '2024-01-14 11:33:12', '2024-01-14 11:33:12'),
(345, 'Sandingan Mie', 17, NULL, '2024-01-14 11:33:12', '2024-01-14 11:33:12'),
(346, 'Dingin', 17, NULL, '2024-01-14 11:33:12', '2024-01-14 11:33:12'),
(347, 'Manis', 17, NULL, '2024-01-14 11:33:12', '2024-01-14 11:33:12'),
(348, 'Soft Drink', 18, NULL, '2024-01-14 11:33:32', '2024-01-14 11:33:32'),
(349, 'Dingin', 18, NULL, '2024-01-14 11:33:32', '2024-01-14 11:33:32'),
(350, 'Manis', 18, NULL, '2024-01-14 11:33:32', '2024-01-14 11:33:32'),
(351, 'Soft Drink', 19, NULL, '2024-01-14 11:34:00', '2024-01-14 11:34:00'),
(352, 'Dingin', 19, NULL, '2024-01-14 11:34:00', '2024-01-14 11:34:00'),
(353, 'Manis', 19, NULL, '2024-01-14 11:34:00', '2024-01-14 11:34:00'),
(354, 'Kopi', 34, '2024-01-14 11:34:16', '2024-01-14 11:34:15', '2024-01-14 11:34:16'),
(355, 'Dingin', 34, '2024-01-14 11:34:16', '2024-01-14 11:34:15', '2024-01-14 11:34:16'),
(356, 'Manis', 34, '2024-01-14 11:34:16', '2024-01-14 11:34:15', '2024-01-14 11:34:16'),
(357, 'Panas', 34, '2024-01-14 11:34:16', '2024-01-14 11:34:15', '2024-01-14 11:34:16'),
(358, 'Kopi', 34, NULL, '2024-01-14 11:34:16', '2024-01-14 11:34:16'),
(359, 'Dingin', 34, NULL, '2024-01-14 11:34:16', '2024-01-14 11:34:16'),
(360, 'Manis', 34, NULL, '2024-01-14 11:34:16', '2024-01-14 11:34:16'),
(361, 'Panas', 34, NULL, '2024-01-14 11:34:16', '2024-01-14 11:34:16'),
(362, 'Soft Drink', 20, NULL, '2024-01-14 11:34:18', '2024-01-14 11:34:18'),
(363, 'Dingin', 20, NULL, '2024-01-14 11:34:18', '2024-01-14 11:34:18'),
(364, 'Manis', 20, NULL, '2024-01-14 11:34:18', '2024-01-14 11:34:18'),
(365, 'Soft Drink', 21, NULL, '2024-01-14 11:34:35', '2024-01-14 11:34:35'),
(366, 'Dingin', 21, NULL, '2024-01-14 11:34:35', '2024-01-14 11:34:35'),
(367, 'Manis', 21, NULL, '2024-01-14 11:34:35', '2024-01-14 11:34:35'),
(368, 'Soft Drink', 22, NULL, '2024-01-14 11:34:50', '2024-01-14 11:34:50'),
(369, 'Dingin', 22, NULL, '2024-01-14 11:34:50', '2024-01-14 11:34:50'),
(370, 'Manis', 22, NULL, '2024-01-14 11:34:50', '2024-01-14 11:34:50'),
(371, 'Kopi', 36, NULL, '2024-01-14 11:34:59', '2024-01-14 11:34:59'),
(372, 'Dingin', 36, NULL, '2024-01-14 11:34:59', '2024-01-14 11:34:59'),
(373, 'Manis', 36, NULL, '2024-01-14 11:34:59', '2024-01-14 11:34:59'),
(374, 'Pahit', 36, NULL, '2024-01-14 11:34:59', '2024-01-14 11:34:59'),
(375, 'Panas', 36, NULL, '2024-01-14 11:34:59', '2024-01-14 11:34:59'),
(376, 'Kopi', 37, NULL, '2024-01-14 11:35:32', '2024-01-14 11:35:32'),
(377, 'Dingin', 37, NULL, '2024-01-14 11:35:32', '2024-01-14 11:35:32'),
(378, 'Manis', 37, NULL, '2024-01-14 11:35:32', '2024-01-14 11:35:32'),
(379, 'Pahit', 37, NULL, '2024-01-14 11:35:32', '2024-01-14 11:35:32'),
(380, 'Panas', 37, NULL, '2024-01-14 11:35:32', '2024-01-14 11:35:32'),
(381, 'Kopi', 38, NULL, '2024-01-14 11:36:00', '2024-01-14 11:36:00'),
(382, 'Dingin', 38, NULL, '2024-01-14 11:36:00', '2024-01-14 11:36:00'),
(383, 'Manis', 38, NULL, '2024-01-14 11:36:00', '2024-01-14 11:36:00'),
(384, 'Pahit', 38, NULL, '2024-01-14 11:36:00', '2024-01-14 11:36:00'),
(385, 'Panas', 38, NULL, '2024-01-14 11:36:00', '2024-01-14 11:36:00'),
(386, 'Kopi', 39, NULL, '2024-01-14 11:36:23', '2024-01-14 11:36:23'),
(387, 'Dingin', 39, NULL, '2024-01-14 11:36:23', '2024-01-14 11:36:23'),
(388, 'Manis', 39, NULL, '2024-01-14 11:36:23', '2024-01-14 11:36:23'),
(389, 'Pahit', 39, NULL, '2024-01-14 11:36:23', '2024-01-14 11:36:23'),
(390, 'Panas', 39, NULL, '2024-01-14 11:36:23', '2024-01-14 11:36:23'),
(391, 'Kopi', 40, NULL, '2024-01-14 11:36:51', '2024-01-14 11:36:51'),
(392, 'Dingin', 40, NULL, '2024-01-14 11:36:51', '2024-01-14 11:36:51'),
(393, 'Manis', 40, NULL, '2024-01-14 11:36:51', '2024-01-14 11:36:51'),
(394, 'Pahit', 40, NULL, '2024-01-14 11:36:51', '2024-01-14 11:36:51'),
(395, 'Panas', 40, NULL, '2024-01-14 11:36:51', '2024-01-14 11:36:51'),
(396, 'Soft Drink', 24, NULL, '2024-01-14 11:37:31', '2024-01-14 11:37:31'),
(397, 'Dingin', 24, NULL, '2024-01-14 11:37:31', '2024-01-14 11:37:31'),
(398, 'Manis', 24, NULL, '2024-01-14 11:37:31', '2024-01-14 11:37:31'),
(399, 'Snack', 41, NULL, '2024-01-14 11:37:45', '2024-01-14 11:37:45'),
(400, 'Sandingan Kopi', 41, NULL, '2024-01-14 11:37:45', '2024-01-14 11:37:45'),
(401, 'Manis', 41, NULL, '2024-01-14 11:37:45', '2024-01-14 11:37:45'),
(402, 'Soft Drink', 25, NULL, '2024-01-14 11:38:03', '2024-01-14 11:38:03'),
(403, 'Dingin', 25, NULL, '2024-01-14 11:38:03', '2024-01-14 11:38:03'),
(404, 'Manis', 25, NULL, '2024-01-14 11:38:03', '2024-01-14 11:38:03'),
(405, 'Soft Drink', 26, NULL, '2024-01-14 11:38:24', '2024-01-14 11:38:24'),
(406, 'Dingin', 26, NULL, '2024-01-14 11:38:24', '2024-01-14 11:38:24'),
(407, 'Manis', 26, NULL, '2024-01-14 11:38:24', '2024-01-14 11:38:24'),
(408, 'Snack', 42, NULL, '2024-01-14 11:38:26', '2024-01-14 11:38:26'),
(409, 'Sandingan Soft Drink', 42, NULL, '2024-01-14 11:38:26', '2024-01-14 11:38:26'),
(410, 'Soft Drink', 27, '2024-01-14 12:13:49', '2024-01-14 11:38:46', '2024-01-14 12:13:49'),
(411, 'Dingin', 27, '2024-01-14 12:13:49', '2024-01-14 11:38:46', '2024-01-14 12:13:49'),
(412, 'Teh', 28, '2024-01-14 11:39:24', '2024-01-14 11:39:09', '2024-01-14 11:39:24'),
(413, 'Sandingan Nasi', 28, '2024-01-14 11:39:24', '2024-01-14 11:39:09', '2024-01-14 11:39:24'),
(414, 'Sandingan Snack', 28, '2024-01-14 11:39:24', '2024-01-14 11:39:09', '2024-01-14 11:39:24'),
(415, 'Dingin', 28, '2024-01-14 11:39:24', '2024-01-14 11:39:09', '2024-01-14 11:39:24'),
(416, 'Manis', 28, '2024-01-14 11:39:24', '2024-01-14 11:39:09', '2024-01-14 11:39:24'),
(417, 'Panas', 28, '2024-01-14 11:39:24', '2024-01-14 11:39:09', '2024-01-14 11:39:24'),
(418, 'Snack', 43, NULL, '2024-01-14 11:39:20', '2024-01-14 11:39:20'),
(419, 'Panas', 43, NULL, '2024-01-14 11:39:20', '2024-01-14 11:39:20'),
(420, 'Teh', 28, NULL, '2024-01-14 11:39:24', '2024-01-14 11:39:24'),
(421, 'Sandingan Nasi', 28, NULL, '2024-01-14 11:39:24', '2024-01-14 11:39:24'),
(422, 'Sandingan Snack', 28, NULL, '2024-01-14 11:39:24', '2024-01-14 11:39:24'),
(423, 'Dingin', 28, NULL, '2024-01-14 11:39:24', '2024-01-14 11:39:24'),
(424, 'Manis', 28, NULL, '2024-01-14 11:39:24', '2024-01-14 11:39:24'),
(425, 'Panas', 28, NULL, '2024-01-14 11:39:24', '2024-01-14 11:39:24'),
(426, 'Snack', 44, NULL, '2024-01-14 11:39:58', '2024-01-14 11:39:58'),
(427, 'Sandingan Kopi', 44, NULL, '2024-01-14 11:39:58', '2024-01-14 11:39:58'),
(428, 'Manis', 44, NULL, '2024-01-14 11:39:58', '2024-01-14 11:39:58'),
(429, 'Teh', 30, '2024-01-14 11:39:59', '2024-01-14 11:39:58', '2024-01-14 11:39:59'),
(430, 'Dingin', 30, '2024-01-14 11:39:59', '2024-01-14 11:39:58', '2024-01-14 11:39:59'),
(431, 'Manis', 30, '2024-01-14 11:39:59', '2024-01-14 11:39:58', '2024-01-14 11:39:59'),
(432, 'Teh', 30, '2024-01-14 11:40:00', '2024-01-14 11:39:59', '2024-01-14 11:40:00'),
(433, 'Dingin', 30, '2024-01-14 11:40:00', '2024-01-14 11:39:59', '2024-01-14 11:40:00'),
(434, 'Manis', 30, '2024-01-14 11:40:00', '2024-01-14 11:39:59', '2024-01-14 11:40:00'),
(435, 'Teh', 30, NULL, '2024-01-14 11:40:00', '2024-01-14 11:40:00'),
(436, 'Dingin', 30, NULL, '2024-01-14 11:40:00', '2024-01-14 11:40:00'),
(437, 'Manis', 30, NULL, '2024-01-14 11:40:00', '2024-01-14 11:40:00'),
(438, 'Teh', 29, NULL, '2024-01-14 11:40:21', '2024-01-14 11:40:21'),
(439, 'Sandingan Nasi', 29, NULL, '2024-01-14 11:40:21', '2024-01-14 11:40:21'),
(440, 'Sandingan Mie', 29, NULL, '2024-01-14 11:40:21', '2024-01-14 11:40:21'),
(441, 'Dingin', 29, NULL, '2024-01-14 11:40:21', '2024-01-14 11:40:21'),
(442, 'Panas', 29, NULL, '2024-01-14 11:40:21', '2024-01-14 11:40:21'),
(443, 'Snack', 45, NULL, '2024-01-14 11:41:17', '2024-01-14 11:41:17'),
(444, 'Sandingan Nasi', 45, NULL, '2024-01-14 11:41:17', '2024-01-14 11:41:17'),
(445, 'Sandingan Kopi', 45, NULL, '2024-01-14 11:41:17', '2024-01-14 11:41:17'),
(446, 'Snack', 46, NULL, '2024-01-14 11:41:46', '2024-01-14 11:41:46'),
(447, 'Sandingan Mie', 46, NULL, '2024-01-14 11:41:46', '2024-01-14 11:41:46'),
(448, 'Pedas', 46, NULL, '2024-01-14 11:41:46', '2024-01-14 11:41:46'),
(449, 'Soft Drink', 23, NULL, '2024-01-14 11:41:47', '2024-01-14 11:41:47'),
(450, 'Dingin', 23, NULL, '2024-01-14 11:41:47', '2024-01-14 11:41:47'),
(451, 'Manis', 23, NULL, '2024-01-14 11:41:47', '2024-01-14 11:41:47'),
(452, 'Mie', 47, NULL, '2024-01-14 11:42:18', '2024-01-14 11:42:18'),
(453, 'Sandingan Teh', 47, NULL, '2024-01-14 11:42:18', '2024-01-14 11:42:18'),
(454, 'Sandingan Juice', 47, NULL, '2024-01-14 11:42:18', '2024-01-14 11:42:18'),
(455, 'Pedas', 47, NULL, '2024-01-14 11:42:18', '2024-01-14 11:42:18'),
(456, 'Panas', 47, NULL, '2024-01-14 11:42:18', '2024-01-14 11:42:18'),
(457, 'Mie', 48, NULL, '2024-01-14 11:43:05', '2024-01-14 11:43:05'),
(458, 'Sandingan Teh', 48, NULL, '2024-01-14 11:43:05', '2024-01-14 11:43:05'),
(459, 'Pedas', 48, NULL, '2024-01-14 11:43:05', '2024-01-14 11:43:05'),
(460, 'Panas', 48, NULL, '2024-01-14 11:43:05', '2024-01-14 11:43:05'),
(461, 'Mie', 49, NULL, '2024-01-14 11:43:41', '2024-01-14 11:43:41'),
(462, 'Sandingan Teh', 49, NULL, '2024-01-14 11:43:41', '2024-01-14 11:43:41'),
(463, 'Sandingan Soft Drink', 49, NULL, '2024-01-14 11:43:41', '2024-01-14 11:43:41'),
(464, 'Pedas', 49, NULL, '2024-01-14 11:43:41', '2024-01-14 11:43:41'),
(465, 'Panas', 49, NULL, '2024-01-14 11:43:41', '2024-01-14 11:43:41'),
(466, 'Mie', 50, NULL, '2024-01-14 11:45:31', '2024-01-14 11:45:31'),
(467, 'Sandingan Teh', 50, NULL, '2024-01-14 11:45:31', '2024-01-14 11:45:31'),
(468, 'Pedas', 50, NULL, '2024-01-14 11:45:31', '2024-01-14 11:45:31'),
(469, 'Panas', 50, NULL, '2024-01-14 11:45:31', '2024-01-14 11:45:31'),
(470, 'Mie', 51, NULL, '2024-01-14 11:47:09', '2024-01-14 11:47:09'),
(471, 'Sandingan Teh', 51, NULL, '2024-01-14 11:47:09', '2024-01-14 11:47:09'),
(472, 'Pedas', 51, NULL, '2024-01-14 11:47:09', '2024-01-14 11:47:09'),
(473, 'Panas', 51, NULL, '2024-01-14 11:47:09', '2024-01-14 11:47:09'),
(474, 'Mie', 52, NULL, '2024-01-14 11:47:50', '2024-01-14 11:47:50'),
(475, 'Sandingan Juice', 52, NULL, '2024-01-14 11:47:50', '2024-01-14 11:47:50'),
(476, 'Pedas', 52, NULL, '2024-01-14 11:47:50', '2024-01-14 11:47:50'),
(477, 'Panas', 52, NULL, '2024-01-14 11:47:50', '2024-01-14 11:47:50'),
(478, 'Nasi', 53, NULL, '2024-01-14 11:48:54', '2024-01-14 11:48:54'),
(479, 'Sandingan Teh', 53, NULL, '2024-01-14 11:48:54', '2024-01-14 11:48:54'),
(480, 'Pedas', 53, NULL, '2024-01-14 11:48:54', '2024-01-14 11:48:54'),
(481, 'Panas', 53, NULL, '2024-01-14 11:48:54', '2024-01-14 11:48:54'),
(482, 'Nasi', 55, NULL, '2024-01-14 11:49:30', '2024-01-14 11:49:30'),
(483, 'Sandingan Soft Drink', 55, NULL, '2024-01-14 11:49:30', '2024-01-14 11:49:30'),
(484, 'Pedas', 55, NULL, '2024-01-14 11:49:30', '2024-01-14 11:49:30'),
(485, 'Panas', 55, NULL, '2024-01-14 11:49:30', '2024-01-14 11:49:30'),
(486, 'Nasi', 56, NULL, '2024-01-14 11:49:59', '2024-01-14 11:49:59'),
(487, 'Panas', 56, NULL, '2024-01-14 11:49:59', '2024-01-14 11:49:59'),
(488, 'Paketan', 57, NULL, '2024-01-14 11:51:05', '2024-01-14 11:51:05'),
(489, 'Paketan', 58, NULL, '2024-01-14 11:51:46', '2024-01-14 11:51:46'),
(490, 'Paketan', 59, NULL, '2024-01-14 11:52:21', '2024-01-14 11:52:21'),
(491, 'Paketan', 60, NULL, '2024-01-14 11:53:58', '2024-01-14 11:53:58'),
(492, 'Paketan', 61, NULL, '2024-01-14 11:54:33', '2024-01-14 11:54:33'),
(493, 'Paketan', 62, NULL, '2024-01-14 11:55:27', '2024-01-14 11:55:27'),
(494, 'Soft Drink', 27, '2024-01-14 12:20:19', '2024-01-14 12:13:49', '2024-01-14 12:20:19'),
(495, 'Dingin', 27, '2024-01-14 12:20:19', '2024-01-14 12:13:49', '2024-01-14 12:20:19'),
(496, 'Nasi', 54, NULL, '2024-01-14 12:17:04', '2024-01-14 12:17:04'),
(497, 'Sandingan Juice', 54, NULL, '2024-01-14 12:17:04', '2024-01-14 12:17:04'),
(498, 'Pedas', 54, NULL, '2024-01-14 12:17:04', '2024-01-14 12:17:04'),
(499, 'Panas', 54, NULL, '2024-01-14 12:17:04', '2024-01-14 12:17:04'),
(500, 'Soft Drink', 27, NULL, '2024-01-14 12:20:19', '2024-01-14 12:20:19'),
(501, 'Dingin', 27, NULL, '2024-01-14 12:20:19', '2024-01-14 12:20:19');

-- --------------------------------------------------------

--
-- Table structure for table `menus`
--

CREATE TABLE `menus` (
  `id` bigint(20) UNSIGNED NOT NULL,
  `nama` varchar(255) NOT NULL,
  `deskripsi` text NOT NULL,
  `gambar` varchar(255) NOT NULL,
  `harga` bigint(20) NOT NULL,
  `tersedia` tinyint(1) NOT NULL DEFAULT 1,
  `deleted_at` timestamp NULL DEFAULT NULL,
  `created_at` timestamp NULL DEFAULT NULL,
  `updated_at` timestamp NULL DEFAULT NULL
) ENGINE=InnoDB DEFAULT CHARSET=utf8mb4 COLLATE=utf8mb4_unicode_ci;

--
-- Dumping data for table `menus`
--

INSERT INTO `menus` (`id`, `nama`, `deskripsi`, `gambar`, `harga`, `tersedia`, `deleted_at`, `created_at`, `updated_at`) VALUES
(1, 'Juice Alpukat', 'Juice Alpukat adalah minuman sehat dan lezat yang terbuat dari buah alpukat yang lembut dan krimi. Alpukat dikenal karena kandungan lemak sehatnya yang baik untuk tubuh.', 'axW9WbLkACC86Tl8GlYgXizMYNOjI8xJBvvn4zMF.png', 10000, 1, NULL, '2024-01-14 02:07:31', '2024-01-14 11:20:13'),
(2, 'Juice Strawberry', 'Juice Strawberry adalah minuman beraroma manis yang terbuat dari buah strawberry yang merah dan segar. Strawberry dikenal karena rasa manis alami dan aroma yang menggoda.', 'SiCFTenwS38WOpelfZUtYTNOy61gwJj3qVJtrfiM.png', 10000, 1, NULL, '2024-01-14 06:58:28', '2024-01-14 11:20:31'),
(3, 'Juice Mangga', 'Jus Mangga adalah minuman yang terbuat dari buah mangga. Kandungan serat pangan dan gula alami yang terdapat di dalam jus mangga sangat aman untuk dikonsumsi penderita penyakit diabetes.', 'au1dxc8hcH9F7PRGWvB4oL5FMvANil7O3PNS1Xk5.png', 10000, 1, NULL, '2024-01-14 06:59:33', '2024-01-14 11:20:49'),
(4, 'Juice Melon', 'Jus Melon adalah minuman yang terbuat dari buah melon. Kandungan antioksidan dalam jus melon membantu mencegah risiko penyakit jantung, kanker, dan penuaan dini.', 'cVMvuWETECAvPohS5VKhs8XAbUQqeXypCIh1JnEs.png', 10000, 1, NULL, '2024-01-14 07:12:39', '2024-01-14 11:21:11'),
(5, 'Juice Jeruk', 'Jus Jeruk adalah jenis minuman yang kaya akan vitamin C. Jus jeruk sering dikonsumsi sebagai minuman sehat, di mana dengan mudah bisa Anda temukan di berbagai restoran.', 'dYaQQmj5CCthJu1wm2YXHDy2yPOo5TCNdGmUFW8S.png', 10000, 1, NULL, '2024-01-14 07:13:02', '2024-01-14 11:21:34'),
(6, 'Juice Kiwi', 'Jus Kiwi adalah minuman yang terbuat dari buah kiwi. Salah satu manfaat dari buah kiwi adalah dapat mengatasi masalah rambut.', 'gcYysWkWufY3J4ImdwJYS2v27aahQefLeDuaq8Yg.png', 10000, 1, NULL, '2024-01-14 07:16:09', '2024-01-14 11:21:51'),
(7, 'Juice Jambu', 'Jus Jambu adalah minuman yang digemari masyarakat indonesia dengan berbahan dasar Buah Jambu Merah Biji yang masih segar dan manis.', 'FcXdYP9HIeju9ThJS5QeL0vEKcHO4kCxPzkk1z1c.png', 10000, 1, NULL, '2024-01-14 07:16:32', '2024-01-14 11:22:08'),
(8, 'Juice Naga', 'Jus Naga adalah minuman yang memiliki segudang manfaat bagi kesehatan tubuh karena mengandung banyak nutrisi yang baik bagi kesehatan.', '1sq6gXqnaJ6DhewAn96RtQqEs3xCbXoEXLPSUke6.png', 10000, 1, NULL, '2024-01-14 07:18:27', '2024-01-14 11:22:26'),
(9, 'Juice Nanas', 'Jus Nanas adalah minuman sehat yang kaya akan nutrisi, seperti vitamin C, bromelain, tiamin, dan beta karoten.', '48oWBrHXr6BF8djhFcyrZw9XKcssZu6BffaxSiTk.png', 10000, 1, NULL, '2024-01-14 07:20:09', '2024-01-14 11:22:43'),
(10, 'Juice Orange', 'Jus Jeruk adalah jenis minuman yang kaya akan vitamin C. Jus jeruk sering dikonsumsi sebagai minuman sehat, di mana dengan mudah bisa Anda temukan di berbagai restoran.', 'OthHpQf0aZyIELDMzwqgBSIML0M5Fv2iK4dsc276.png', 10000, 1, NULL, '2024-01-14 07:20:40', '2024-01-14 11:30:04'),
(11, 'Juice Wortel', 'Jus Tomat adalah minuman yang terbuat dari sari buah tomat.', 'YvOOYKVOMHXKepFcNl7NZiwofypb3tg1horHCHhS.png', 10000, 1, NULL, '2024-01-14 07:21:02', '2024-01-14 11:30:41'),
(12, 'Nutrisari Anggur', 'Nutrisari Anggur adalah salah satu produk minuman sari buah yang populer di Indonesia. Nutrisari adalah merek yang dikenal memproduksi berbagai jenis minuman sari buah yang dikemas dalam bentuk kemasan sachet atau botol.', 'hkfamumBw7ZDcEapPbtbXz25JueWXRMB07H3yDE7.png', 5000, 1, NULL, '2024-01-14 07:23:23', '2024-01-14 11:31:20'),
(13, 'Nutrisari Blewah', 'Nutrisari Blewah adalah minuman serbuk rasa blewah dengan sari buah blewah yang menyegarkan.', 'EgPumtEuz3oSglsO2eKtL7fWLbcYEAikp7QlBQB7.png', 5000, 1, NULL, '2024-01-14 07:23:50', '2024-01-14 11:31:41'),
(14, 'Nutrisari Cincau', 'Nutrisari Cincau adalah minuman sachet dengan rasa yang unik dan menyegarkan.', 'upe7lXQ4pJJv5e293K2fNiy9bFYVjljC8uaR32gI.png', 5000, 1, NULL, '2024-01-14 07:24:16', '2024-01-14 11:32:05'),
(15, 'Nutrisari Jambu', 'Nutrisari Jambu adalah minuman serbuk yang terbuat dari buah jambu biji alami.', '1ePrqKUL4vhflBNEnWw3lAvkAFbPtTbRgFKOaEaY.png', 5000, 1, NULL, '2024-01-14 07:24:54', '2024-01-14 11:32:27'),
(16, 'Nutrisari Jeruk Nipis', 'Nutrisari Jeruk Nipis adalah minuman serbuk instan berperisa jeruk nipis yang segar dan cocok diminum saat cuaca panas.', 'RoJmpxftDxWK8YeiUYpc0pkzw30QMhsdYEmOuhF2.png', 5000, 1, NULL, '2024-01-14 07:25:23', '2024-01-14 11:32:50'),
(17, 'Nutrisari Jeruk Peras', 'Nutrisari Jeruk Peras adalah minuman serbuk kaya vitamin dan mineral dengan rasa jeruk peras yang khas.', 'd9XoZVrMC7nCVHrFOKRltZ2P0lWcU4qb98AzVbCa.png', 5000, 1, NULL, '2024-01-14 07:25:48', '2024-01-14 11:33:12'),
(18, 'Nutrisari Kelapa Muda', 'Nutrisari Kelapa Muda adalah minuman sari buah berbentuk serbuk yang terbuat dari buah kelapa.', 'Ic7dUYmiwMFznEHH6fXtDwfqJhx4yEdf84If6Jiw.png', 5000, 1, NULL, '2024-01-14 07:26:12', '2024-01-14 11:33:32'),
(19, 'Nutrisari Manggo Gandaria', 'Nutrisari Manggo Gandaria adalah minuman serbuk rasa mangga gandaria dengan sari buah mangga gandaria yang menyegarkan.', 'erEKbrithbP8OXW1f8lXoV5PQHq0z5hEmxQREGXm.png', 5000, 1, NULL, '2024-01-14 07:26:40', '2024-01-14 11:34:00'),
(20, 'Nutrisari Semangka', 'Nutrisari Semangka adalah minuman serbuk rasa dengan sari buah yang enak dan menyegarkan.', 'lXZyLDgKAQzbaPDg4M1UNzrKbUg1OzezljBJ2ZTJ.png', 5000, 1, NULL, '2024-01-14 07:27:28', '2024-01-14 11:34:18'),
(21, 'Nutrisari Sweet Orange', 'Nutrisari Sweet Orange adalah minuman serbuk rasa jeruk amerika dengan sari buah jeruk amerika yang menyegarkan.', 'qwUInrXkZC5atBFWwPJ5uVhinmpPgZoNMitwwrzN.png', 5000, 1, NULL, '2024-01-14 07:27:52', '2024-01-14 11:34:35'),
(22, 'Nutrisari Sirsak', 'Nutrisari Sirsak adalah minuman terbuat dari sari buah sirsak alami yang mengandung banyak nutrisi yang baik bagi kesehatan tubuh.', 'RyCMXADgHIKRsypxHT4Mdk3yihpAFbEGQaKDcCeB.png', 5000, 1, NULL, '2024-01-14 07:28:17', '2024-01-14 11:34:50'),
(23, 'Soda Susu', 'Soda Susu adalah minuman yang terdiri dari campuran soda atau air berkarbonasi dengan susu. Minuman ini sering diberi rasa atau pemanis tambahan, seperti sirup atau permen.', 'Y8If485SeAGDl3nroMKcY5S3nt4piBWYP9txqxJd.png', 15000, 1, NULL, '2024-01-14 07:28:45', '2024-01-14 11:41:47'),
(24, 'Drink Bengbeng', 'Minuman seduh yang terbuat dari cokelat, malt, cream dan milk, yang dapat disajikan hanngat ataupun dingin.', 'eakFCbUbpfR4KJtWyBvYwTnE7sByFsop7zyB92YY.png', 10000, 1, NULL, '2024-01-14 07:29:07', '2024-01-14 11:37:31'),
(25, 'Jeruk Peras', 'Jeruk Peras adalah jenis jeruk yang dikenal dengan nama ilmiah Citrus  sinensis. Jeruk peras adalah salah satu varietas jeruk yang paling umum dan banyak ditanam di seluruh dunia.', 'ug19LUm3mxDQaQNgE1pMkMlw41BE0zzFXS9S6x1H.png', 10000, 1, NULL, '2024-01-14 07:29:30', '2024-01-14 11:38:03'),
(26, 'Milo', 'Milo adalah minuman dengan rasa cokelat dan malt.', 'QdOJ9yiUYkiMVYkmNzw60yJ041QxCdTK80Uh4aqt.png', 10000, 1, NULL, '2024-01-14 07:29:51', '2024-01-14 11:38:24'),
(27, 'Aqua', 'Aqua adalah minuman air mineral dalam kemasan yang diproduksi oleh Danone sejak 1973.', 'ZqazdLXqa40CoN69pgyqwtsFnWFxvwgUzeyoKHn9.png', 6000, 1, NULL, '2024-01-14 07:30:15', '2024-01-14 12:20:19'),
(28, 'Teh Tarik', 'Teh Tarik dibuat dengan menyeduh teh hitam kuat, lalu dicampur dengan susu kental manis. Yang membuatnya istimewa adalah proses penyajiannya, di mana teh dicurahkan dari satu wadah ke wadah lain dengan tinggi beberapa kali untuk menghasilkan busa yang kaya.', 'jI4SlDA6rKf4yoI7J2tAIsRe2PW6VmR75YG5nbGi.png', 10000, 1, NULL, '2024-01-14 07:31:04', '2024-01-14 11:39:24'),
(29, 'Teh Manis', 'Teh Manis adalah minuman yang terbuat dari teh yang diseduh dan diberi gula. Minuman Ini adalah minuman yang populer di berbagai budaya di seluruh dunia.', 'BNNYYsWmIYC8roUcgtueuoJyKWTGgURE8fkHfizM.png', 5000, 1, NULL, '2024-01-14 07:31:26', '2024-01-14 11:40:21'),
(30, 'Teh Tawar', 'Teh Tawar adalah minuman yang terbuat dari daun teh yang diseduh dalam air panas tanpa tambahan gula atau susu. Ini adalah bentuk paling sederhana dari teh, di mana cita rasanya didominasi oleh rasa alami daun teh.', 'EpcgPb1qVJup3FjeO3iIGiBtLuapVX92KBtOMArx.png', 3000, 1, NULL, '2024-01-14 07:31:54', '2024-01-14 11:39:58'),
(31, 'Good Day Mocacino', 'Good Day Mocacino adalah campuran kopi kuat dan cokelat panas, disajikan dengan espresso, susu, cokelat, dan whipped cream. Gurih dengan rasa kopi dan cokelat yang nikmat.', 'IVVbsQmMNH2hIcAOGZJmIPUnnRBBVOPeFvSmGE6v.png', 5000, 1, NULL, '2024-01-14 07:34:10', '2024-01-14 11:29:16'),
(32, 'Indocafe', 'Indocafe adalah merek yang dikenal karena produk-produk kopi, terutama kopi instan, yang diproduksi dan dijual di Indonesia. Merek Indocafe dikelola oleh PT Santos Jaya Abadi.', 'l9octlj26lFp2K1st9tHBSTsLddLDgmzrcUZvkHa.png', 5000, 1, NULL, '2024-01-14 07:34:35', '2024-01-14 11:30:30'),
(33, 'White Coffee', 'White Coffee adalah istilah yang digunakan untuk menyebut kopi yang disajikan dengan tambahan susu pekat manis. White Coffee sering dikaitkan dengan kopi yang disajikan di Malaysia, terutama kopi yang terkenal dari daerah Ipoh, Perak, Malaysia.', 'Up7q0AZmIxOOYLtl1tAz6sUTeD8LhIWZk7FiGtTU.png', 5000, 1, NULL, '2024-01-14 07:34:58', '2024-01-14 11:31:07'),
(34, 'ABC Susu', 'Kopi ABC Susu adalah perpaduan antara kopi mantap, gula, dan susu nikmat yang diproses secara modern.', 'ib39k9Mfd83OF6WIsAgcKUs2yMTuJooZ6RRlmnLD.png', 5000, 1, NULL, '2024-01-14 07:35:19', '2024-01-14 11:31:48'),
(35, 'Kapal Api', 'Kopi Kapal Api merupakan salah satu merek kopi hitam yang sangat terkenal di Indonesia.', 'oTO8K9pKGS4hfb3RHI6AVUbOvLDewrM4lelG1V8n.png', 5000, 1, NULL, '2024-01-14 07:35:44', '2024-01-14 11:32:30'),
(36, 'Kopi Aceh (Gayo)', 'Kopi Gayo adalah varietas kopi Arabika yang berasal dari daerah Gayo, Aceh, Indonesia. Kopi Gayo dikenal karena kualitasnya yang tinggi dan memiliki citarasa yang unik.', 'bzq4d7jM7hTVtx803Mpqd0XYeDzJ36bvyPRXbDu3.png', 10000, 1, NULL, '2024-01-14 07:36:07', '2024-01-14 11:34:59'),
(37, 'Kopi Medan', 'Minuman ini terkenal karena kualitas kopi arabika yang tumbuh di daerah Sumatera Utara. Kopi Medan sering kali memiliki ciri khas rasa yang kuat dan penuh, dengan sentuhan rasa yang cenderung beraroma kental dan manis.', 'Aue5iHKahV9wHDQe0akpaxabKOfAmi6ntcw9oRbK.png', 10000, 1, NULL, '2024-01-14 07:36:26', '2024-01-14 11:35:32'),
(38, 'Kopi Bali', 'Kopi Bali adalah minuman kopi yang khas berasal dari pulau Bali, Indonesia. Kopi ini sering dikenal dengan sebutan \"Kopi Bali Kintamani\" karena daerah Kintamani di Bali terkenal dengan produksi biji kopi yang berkualitas tinggi.', 'owsneWCnnEDkc2aJh3IOiFSr96sYdDuQFalFdfrO.png', 10000, 1, NULL, '2024-01-14 07:36:48', '2024-01-14 11:36:00'),
(39, 'Kopi Lampung', 'Kopi Lampung adalah varietas kopi yang berasal dari daerah Lampung di Indonesia. Kopi Lampung terkenal karena memiliki cita rasa dan aroma yang khas.', 'OGkKL7MV6pbdNVQ1asbtp2LCxBYLXWH2mVgkABoA.png', 10000, 1, NULL, '2024-01-14 07:37:09', '2024-01-14 11:36:23'),
(40, 'Kopi Toraja', 'Kopi Toraja, dari Toraja, Sulawesi, Indonesia, adalah kopi dengan rasa kaya, aroma unik, kompleks, dengan sentuhan rempah-rempah dan asam yang seimbang.', 'FjMEt1I6oepAMEF4K7j0SDfWXBE4oVq8IxgJQgQl.png', 10000, 1, NULL, '2024-01-14 07:37:28', '2024-01-14 11:36:51'),
(41, 'Pisang Bakar', 'Pisang bakar dibuat dengan memanggang pisang dengan sedikit minyak hingga berwarna kecokelatan. Kemudian pisang bakar disajikan dengan parutan keju atau tambahan topping lainnya.', 'HNrvLdFTvX1ZczOTXVZJxldHeISX6VEmwWe17fcr.png', 10000, 1, NULL, '2024-01-14 07:38:17', '2024-01-14 11:37:45'),
(42, 'Kentang Goreng', 'Kentang goreng adalah hidangan yang dibuat dari potongan-potongan kentang yang digoreng dalam minyak goreng panas.', '8sJu0pxE9q8BRGTLEfenZk1YHIPHqzuRLCsrxcDs.png', 10000, 1, NULL, '2024-01-14 07:38:38', '2024-01-14 11:38:26'),
(43, 'Otak Otak', 'Otak-otak merupakan salah satu makanan yang terbuat dari ikan dan sudah dicincang, selain itu bahan utama dari otak-otak adalah ikan tenggiri', 'QqGuCV033FSQtK7jHQHKA7ru8c1DRan5QPXFGDE9.png', 8000, 1, NULL, '2024-01-14 07:39:01', '2024-01-14 11:39:20'),
(44, 'Roti Bakar', 'Roti bakar adalah sebuah roti lapis khas Indonesia yang dibakar, yang terdiri dari dua potong roti dan isian, seperti gula, margarin, mentega, dan meses coklat.', 'blatYyK3BZPohrJ2rznvoNMGgDxoPNn6g9w4Nve4.png', 10000, 1, NULL, '2024-01-14 07:39:14', '2024-01-14 11:39:58'),
(45, 'Perpaket Mendoan', 'Perpaket Mendoan terdiri dari tempe mendoan yang disajikan panas-panas dengan ditemani cabai rawit dan sambal kecap manis, yang membuat cita rasa tempe mendoan lebih bervariasi.', '4scQiyv5iCsvMWyfrsDwfqvREAJmZrdRloc7g47H.png', 10000, 1, NULL, '2024-01-14 07:39:38', '2024-01-14 11:41:17'),
(46, 'Sosis Bakar', 'Sosis bakar adalah sosis panggang atau sosis barbeque yang merupakan salah satu olahan makanan yang terbuat dari daging sapi dan ayam.', 'X6DM0wGZS7VBa9Rlrm3nRTxxpnJ5ktoJP7iXIit0.png', 10000, 1, NULL, '2024-01-14 07:40:17', '2024-01-14 11:41:46'),
(47, 'Mie Rebus Telor', 'Mie rebus telor adalah hidangan yang populer di banyak budaya di seluruh dunia. Ini adalah hidangan yang sederhana tetapi lezat yang melibatkan mie yang direbus hingga matang dan disajikan dengan kuah kaldu dan telur.', 'Kf8k4pIbvLoKWgF5HDNQaF6urjHxiUDXwq3AedTd.png', 12000, 1, NULL, '2024-01-14 07:42:12', '2024-01-14 11:42:18'),
(48, 'Mie Rebus', 'Mie rebus adalah hidangan yang populer di banyak budaya di seluruh dunia. Ini adalah hidangan yang sederhana tetapi lezat yang melibatkan mie yang direbus hingga matang dan disajikan dengan kuah kaldu.', 'IWUzM5VTHByJZxzEfvSUenuNIaAvt63QpLca2diS.png', 8000, 1, NULL, '2024-01-14 07:42:30', '2024-01-14 11:43:05'),
(49, 'Mie Goreng Gledeg', 'Mie goreng gledeg adalah hidangan mie goreng yang memiliki rasa yang sangat pedas. Biasanya, mie goreng gledeg menggunakan mie sebagai bahan utama yang digoreng bersama dengan berbagai bumbu dan bahan tambahan.', '2V9lh8jTRTKA9TZlIQz6vPNHiIfeX8T2fyyshNI9.png', 15000, 1, NULL, '2024-01-14 07:42:48', '2024-01-14 11:43:41'),
(50, 'Mie Goreng Telor', 'Mie Goreng Telor adalah hidangan Asia yang populer dan terkenal di seluruh dunia. Ini adalah hidangan mie yang diolah dengan cara digoreng dengan berbagai bahan rempah-rempah dan telur, menciptakan rasa yang lezat dan menggugah selera. Disertai telor yang bisa direbus atau di goreng sesuai dengan selera anda.', 'zxM43HyaoyUwBhf13nLOdMg7dhjqP3HZ4uUeZ3Rk.png', 12000, 1, NULL, '2024-01-14 07:43:13', '2024-01-14 11:45:31'),
(51, 'Mie Goreng', 'Mie goreng adalah hidangan Asia yang populer dan terkenal di seluruh dunia. Ini adalah hidangan mie yang diolah dengan cara digoreng dengan berbagai bahan dan rempah-rempah, menciptakan rasa yang lezat dan menggugah selera', 'hLLyOlsfo9SAzZwMCzda6ysqQOC5b0yeG4wbLftu.png', 8000, 1, NULL, '2024-01-14 07:44:06', '2024-01-14 11:47:09'),
(52, 'Kwetiaw Goreng', 'Kwetiaw goreng adalah hidangan kuliner populer di Asia. Ini terdiri dari kwetiaw yang digoreng dan dicampur dengan daging, telur, sayuran, dan berbagai bumbu seperti kecap manis dan saus ikan.', '1bMR9Gzj0oBiHUwAJmcYVsWjEENuqkTYhXwhSf74.png', 15000, 1, NULL, '2024-01-14 07:44:26', '2024-01-14 11:47:50'),
(53, 'Nasi Goreng', 'Nasi goreng adalah makanan berupa nasi yang digoreng dan dicampur dalam minyak goreng, margarin, atau mentega. Biasanya ditambah dengan kecap manis, bawang merah, bawang putih, asam jawa, lada dan bahan lainnya', 'nfLJupWxYJWHcPOrLWHjYj39L199x4HkPDJW1tHV.png', 15000, 1, NULL, '2024-01-14 07:44:58', '2024-01-14 11:48:54'),
(54, 'Nasi Telor', 'Nasi telor adalah sebuah hidangan yang cocok untuk mahasiswa, karena harganya yang sangat murah. Hidangan ini hanya tersusun dari telur dadar atau ceplok yang digoreng', 'GG12OAxSFDLwTuicoEt8bO2jxfJsTxYQiOXzJa2H.png', 10000, 1, NULL, '2024-01-14 07:45:13', '2024-01-14 12:17:04'),
(55, 'Nasi Bebek', 'Nasi bebek adalah hidangan dengan nasi dan daging bebek yang digoreng, lezat dengan bumbu dan sambal khas.', '6wvFS4xiqdHFmIjLLYkjEqzEJymeuE01ptU1ey1I.png', 40000, 1, NULL, '2024-01-14 07:45:30', '2024-01-14 11:49:30'),
(56, 'Nasi Putih', 'Nasi putih merupakan salah satu makanan pokok masyarakat Indonesia. Selain harganya murah dan mudah didapat, kandungan nutrisi nasi putih juga baik untuk kesehatan dan bermanfaat bagi tubuh.', 'UkJcHkEUf49PZPkL46RjT5TpEutQXbHM2kDtTa6L.png', 5000, 1, NULL, '2024-01-14 07:45:47', '2024-01-14 11:49:59'),
(57, 'Ayam Penyet + Nasi + Teh Manis', 'Ayam Penyet + Nasi + Teh Manis adalah hidangan khas Indonesia yang terkenal dengan rasa pedas, gurih, dan lezatnya.', 'ABQvnM4RX1zioMlghSrA68oMl5ZmUWpgz8J9kt0g.png', 20000, 1, NULL, '2024-01-14 07:46:48', '2024-01-14 11:51:05'),
(58, 'Ayam Geprek + Nasi + Teh Manis', 'Ayam Geprek + Nasi + Teh Manis adalah hidangan khas Indonesia yang sedang naik daun. Hidangan ini terdiri dari ayam goreng yang diuleg atau \"geprek\" bersama sambal pedas.', '0lbSGe9AQzo9ww3ng9uzdKzWBFUSiMz2aB0PscWY.png', 20000, 1, NULL, '2024-01-14 07:47:09', '2024-01-14 11:51:46'),
(59, 'Pecel Lele + Nasi + Teh Manis', 'Pecel Lele + Nasi + Teh Manis adalah hidangan tradisional Indonesia yang menggugah selera, terkenal karena cita rasa yang khas dan tekstur lele yang renyah.', 'R1nP7SgblwPmWwNRO85kdUmjrdFOOS16oa2VqEtz.png', 15000, 1, NULL, '2024-01-14 07:47:31', '2024-01-14 11:52:21'),
(60, 'Udang Asam Manis + Nasi + Teh Manis', 'Udang Asam Manis + Nasi + Teh Manis adalah hidangan khas Indonesia yang terbuat dari udang yang digoreng dan disajikan dengan saus asam manis yang khas. Hidangan ini memiliki rasa yang seimbang antara asam dan manis, dan seringkali memiliki cita rasa yang gurih dan pedas.', 'uICWfvj82v6H57ZazyYMfWfh6SId5Wk9dtlnAHwc.png', 35000, 1, NULL, '2024-01-14 07:47:50', '2024-01-14 11:53:58'),
(61, 'Cumi Asam Manis + Nasi + Teh Manis', 'Cumi Asam Manis + Nasi + Teh Manis adalah hidangan masakan khas Indonesia yang terbuat dari cumi-cumi yang digoreng dan disajikan dengan saus asam manis yang khas. Sama seperti Udang Asam Manis, hidangan ini juga memiliki rasa yang seimbang antara asam dan manis.', 'ZCkmcWphTNYbEKsvV36pxxcxQ8yMRx45uQ5mGd17.png', 35000, 1, NULL, '2024-01-14 07:48:17', '2024-01-14 11:54:33'),
(62, 'Pecak Bawal + Nasi + Teh Manis', 'Pecak Bawal + Nasi + Teh Manis adalah hidangan masakan Indonesia yang menggunakan bawal sebagai bahan utama. Hidangan ini biasanya terdiri dari bawal yang digoreng atau dibakar hingga garing, kemudian disajikan dengan saus pedas yang khas.', 'eUP6ABHd1NVUHDm5vZ0DXPZSE4UFfWwxygu4L7QY.png', 20000, 1, NULL, '2024-01-14 07:48:35', '2024-01-14 11:55:27');

-- --------------------------------------------------------

--
-- Table structure for table `migrations`
--

CREATE TABLE `migrations` (
  `id` int(10) UNSIGNED NOT NULL,
  `migration` varchar(255) NOT NULL,
  `batch` int(11) NOT NULL
) ENGINE=InnoDB DEFAULT CHARSET=utf8mb4 COLLATE=utf8mb4_unicode_ci;

--
-- Dumping data for table `migrations`
--

INSERT INTO `migrations` (`id`, `migration`, `batch`) VALUES
(1, '2014_10_12_000000_create_users_table', 1),
(2, '2014_10_12_100000_create_password_resets_table', 1),
(3, '2019_08_19_000000_create_failed_jobs_table', 1),
(4, '2019_12_14_000001_create_personal_access_tokens_table', 1),
(5, '2024_01_12_113640_create_orders_table', 1),
(6, '2024_01_12_113652_create_menus_table', 1),
(7, '2024_01_12_124536_create_orderdetails_table', 1),
(8, '2024_01_12_161657_create_menucategories_table', 1);

-- --------------------------------------------------------

--
-- Table structure for table `orderdetails`
--

CREATE TABLE `orderdetails` (
  `id` bigint(20) UNSIGNED NOT NULL,
  `menu_id` bigint(20) UNSIGNED NOT NULL,
  `order_id` bigint(20) UNSIGNED NOT NULL,
  `catatan` varchar(255) NOT NULL,
  `jumlah` int(11) NOT NULL,
  `deleted_at` timestamp NULL DEFAULT NULL,
  `created_at` timestamp NULL DEFAULT NULL,
  `updated_at` timestamp NULL DEFAULT NULL
) ENGINE=InnoDB DEFAULT CHARSET=utf8mb4 COLLATE=utf8mb4_unicode_ci;

--
-- Dumping data for table `orderdetails`
--

INSERT INTO `orderdetails` (`id`, `menu_id`, `order_id`, `catatan`, `jumlah`, `deleted_at`, `created_at`, `updated_at`) VALUES
(1, 57, 1, '', 1, NULL, '2024-01-14 09:24:45', '2024-01-14 09:24:45'),
(2, 60, 1, '', 1, NULL, '2024-01-14 09:24:45', '2024-01-14 09:24:45'),
(3, 27, 2, '', 1, NULL, '2024-01-14 10:37:59', '2024-01-14 10:37:59'),
(4, 1, 2, '', 1, NULL, '2024-01-14 10:37:59', '2024-01-14 10:37:59'),
(5, 2, 2, '', 1, NULL, '2024-01-14 10:37:59', '2024-01-14 10:37:59'),
(6, 57, 3, '', 1, NULL, '2024-01-14 10:38:29', '2024-01-14 10:38:29'),
(7, 60, 3, '', 1, NULL, '2024-01-14 10:38:29', '2024-01-14 10:38:29'),
(8, 62, 3, '', 1, NULL, '2024-01-14 10:38:29', '2024-01-14 10:38:29'),
(9, 56, 4, '', 1, NULL, '2024-01-14 11:01:09', '2024-01-14 11:01:09'),
(10, 53, 4, '', 1, NULL, '2024-01-14 11:01:09', '2024-01-14 11:01:09'),
(11, 1, 4, '', 1, NULL, '2024-01-14 11:01:09', '2024-01-14 11:01:09'),
(12, 5, 4, '', 1, NULL, '2024-01-14 11:01:09', '2024-01-14 11:01:09'),
(13, 55, 4, 'bebek afrika', 1, NULL, '2024-01-14 11:01:09', '2024-01-14 11:01:09'),
(14, 29, 4, 'teh puncak', 1, NULL, '2024-01-14 11:01:09', '2024-01-14 11:01:09'),
(15, 3, 4, 'mangga german', 1, NULL, '2024-01-14 11:01:09', '2024-01-14 11:01:09'),
(16, 54, 4, 'pake telor unta...', 1, NULL, '2024-01-14 11:01:09', '2024-01-14 11:01:09'),
(17, 57, 5, '', 1, NULL, '2024-01-14 11:12:58', '2024-01-14 11:12:58'),
(18, 58, 5, 'kkkk', 1, NULL, '2024-01-14 11:12:58', '2024-01-14 11:12:58'),
(19, 53, 6, '', 1, NULL, '2024-01-15 00:16:32', '2024-01-15 00:16:32'),
(20, 1, 6, '', 2, NULL, '2024-01-15 00:16:32', '2024-01-15 00:16:32'),
(21, 29, 6, 'yang manis kak', 3, NULL, '2024-01-15 00:16:32', '2024-01-15 00:16:32'),
(22, 1, 7, '', 1, NULL, '2024-01-15 00:26:15', '2024-01-15 00:26:15'),
(23, 1, 8, '', 1, NULL, '2024-01-15 00:28:07', '2024-01-15 00:28:07'),
(24, 1, 9, '', 1, NULL, '2024-01-15 00:38:40', '2024-01-15 00:38:40'),
(25, 2, 9, '', 1, NULL, '2024-01-15 00:38:40', '2024-01-15 00:38:40');

-- --------------------------------------------------------

--
-- Table structure for table `orders`
--

CREATE TABLE `orders` (
  `id` bigint(20) UNSIGNED NOT NULL,
  `status` enum('Process','Completed','Uncompleted') NOT NULL,
  `meja` varchar(255) NOT NULL,
  `jenis_pembayaran` varchar(255) NOT NULL,
  `total` bigint(20) NOT NULL,
  `created_at` timestamp NULL DEFAULT NULL,
  `updated_at` timestamp NULL DEFAULT NULL
) ENGINE=InnoDB DEFAULT CHARSET=utf8mb4 COLLATE=utf8mb4_unicode_ci;

--
-- Dumping data for table `orders`
--

INSERT INTO `orders` (`id`, `status`, `meja`, `jenis_pembayaran`, `total`, `created_at`, `updated_at`) VALUES
(1, 'Completed', '10', 'Tunai', 55000, '2024-01-14 09:24:45', '2024-01-14 10:39:15'),
(2, 'Uncompleted', '50', 'Transfer', 26000, '2024-01-14 10:37:59', '2024-01-14 11:13:44'),
(3, 'Completed', '10', 'Tunai', 75000, '2024-01-14 10:38:29', '2024-01-14 10:39:26'),
(4, 'Completed', '100', 'Transfer', 105000, '2024-01-14 11:01:09', '2024-01-14 11:01:48'),
(5, 'Completed', '25', 'Transfer', 40000, '2024-01-14 11:12:58', '2024-01-14 11:13:41'),
(6, 'Completed', '1', 'Transfer', 50000, '2024-01-15 00:16:32', '2024-01-15 00:17:37'),
(7, 'Process', '2', 'Tunai', 10000, '2024-01-15 00:26:15', '2024-01-15 00:26:15'),
(8, 'Process', '10', 'Transfer', 10000, '2024-01-15 00:28:07', '2024-01-15 00:28:07'),
(9, 'Process', '1', 'Tunai', 20000, '2024-01-15 00:38:40', '2024-01-15 00:38:40');

-- --------------------------------------------------------

--
-- Table structure for table `password_resets`
--

CREATE TABLE `password_resets` (
  `email` varchar(255) NOT NULL,
  `token` varchar(255) NOT NULL,
  `created_at` timestamp NULL DEFAULT NULL
) ENGINE=InnoDB DEFAULT CHARSET=utf8mb4 COLLATE=utf8mb4_unicode_ci;

-- --------------------------------------------------------

--
-- Table structure for table `personal_access_tokens`
--

CREATE TABLE `personal_access_tokens` (
  `id` bigint(20) UNSIGNED NOT NULL,
  `tokenable_type` varchar(255) NOT NULL,
  `tokenable_id` bigint(20) UNSIGNED NOT NULL,
  `name` varchar(255) NOT NULL,
  `token` varchar(64) NOT NULL,
  `abilities` text DEFAULT NULL,
  `last_used_at` timestamp NULL DEFAULT NULL,
  `expires_at` timestamp NULL DEFAULT NULL,
  `created_at` timestamp NULL DEFAULT NULL,
  `updated_at` timestamp NULL DEFAULT NULL
) ENGINE=InnoDB DEFAULT CHARSET=utf8mb4 COLLATE=utf8mb4_unicode_ci;

-- --------------------------------------------------------

--
-- Table structure for table `users`
--

CREATE TABLE `users` (
  `id` bigint(20) UNSIGNED NOT NULL,
  `name` varchar(255) NOT NULL,
  `email` varchar(255) NOT NULL,
  `email_verified_at` timestamp NULL DEFAULT NULL,
  `password` varchar(255) NOT NULL,
  `remember_token` varchar(100) DEFAULT NULL,
  `created_at` timestamp NULL DEFAULT NULL,
  `updated_at` timestamp NULL DEFAULT NULL
) ENGINE=InnoDB DEFAULT CHARSET=utf8mb4 COLLATE=utf8mb4_unicode_ci;

--
-- Dumping data for table `users`
--

INSERT INTO `users` (`id`, `name`, `email`, `email_verified_at`, `password`, `remember_token`, `created_at`, `updated_at`) VALUES
(1, 'Test User', 'admin@gmail.com', '2024-01-14 01:40:01', '$2y$10$MlchkWjcvKUWR264j4azd.xwVEScrxMvTJnpB7CRgf9oD213cfp16', 'W9j8DH0SrNCzhPhzvBecOSLs7E6WLwyZodVjKy64MGHyWX4WmW1QzgNFm5Wc', '2024-01-14 01:40:01', '2024-01-14 01:40:01');

--
-- Indexes for dumped tables
--

--
-- Indexes for table `failed_jobs`
--
ALTER TABLE `failed_jobs`
  ADD PRIMARY KEY (`id`),
  ADD UNIQUE KEY `failed_jobs_uuid_unique` (`uuid`);

--
-- Indexes for table `menucategories`
--
ALTER TABLE `menucategories`
  ADD PRIMARY KEY (`id`),
  ADD KEY `menucategories_menu_id_foreign` (`menu_id`);

--
-- Indexes for table `menus`
--
ALTER TABLE `menus`
  ADD PRIMARY KEY (`id`);

--
-- Indexes for table `migrations`
--
ALTER TABLE `migrations`
  ADD PRIMARY KEY (`id`);

--
-- Indexes for table `orderdetails`
--
ALTER TABLE `orderdetails`
  ADD PRIMARY KEY (`id`),
  ADD KEY `orderdetails_menu_id_foreign` (`menu_id`),
  ADD KEY `orderdetails_order_id_foreign` (`order_id`);

--
-- Indexes for table `orders`
--
ALTER TABLE `orders`
  ADD PRIMARY KEY (`id`);

--
-- Indexes for table `password_resets`
--
ALTER TABLE `password_resets`
  ADD PRIMARY KEY (`email`);

--
-- Indexes for table `personal_access_tokens`
--
ALTER TABLE `personal_access_tokens`
  ADD PRIMARY KEY (`id`),
  ADD UNIQUE KEY `personal_access_tokens_token_unique` (`token`),
  ADD KEY `personal_access_tokens_tokenable_type_tokenable_id_index` (`tokenable_type`,`tokenable_id`);

--
-- Indexes for table `users`
--
ALTER TABLE `users`
  ADD PRIMARY KEY (`id`),
  ADD UNIQUE KEY `users_email_unique` (`email`);

--
-- AUTO_INCREMENT for dumped tables
--

--
-- AUTO_INCREMENT for table `failed_jobs`
--
ALTER TABLE `failed_jobs`
  MODIFY `id` bigint(20) UNSIGNED NOT NULL AUTO_INCREMENT;

--
-- AUTO_INCREMENT for table `menucategories`
--
ALTER TABLE `menucategories`
  MODIFY `id` bigint(20) UNSIGNED NOT NULL AUTO_INCREMENT, AUTO_INCREMENT=502;

--
-- AUTO_INCREMENT for table `menus`
--
ALTER TABLE `menus`
  MODIFY `id` bigint(20) UNSIGNED NOT NULL AUTO_INCREMENT, AUTO_INCREMENT=63;

--
-- AUTO_INCREMENT for table `migrations`
--
ALTER TABLE `migrations`
  MODIFY `id` int(10) UNSIGNED NOT NULL AUTO_INCREMENT, AUTO_INCREMENT=9;

--
-- AUTO_INCREMENT for table `orderdetails`
--
ALTER TABLE `orderdetails`
  MODIFY `id` bigint(20) UNSIGNED NOT NULL AUTO_INCREMENT, AUTO_INCREMENT=26;

--
-- AUTO_INCREMENT for table `orders`
--
ALTER TABLE `orders`
  MODIFY `id` bigint(20) UNSIGNED NOT NULL AUTO_INCREMENT, AUTO_INCREMENT=10;

--
-- AUTO_INCREMENT for table `personal_access_tokens`
--
ALTER TABLE `personal_access_tokens`
  MODIFY `id` bigint(20) UNSIGNED NOT NULL AUTO_INCREMENT;

--
-- AUTO_INCREMENT for table `users`
--
ALTER TABLE `users`
  MODIFY `id` bigint(20) UNSIGNED NOT NULL AUTO_INCREMENT, AUTO_INCREMENT=2;

--
-- Constraints for dumped tables
--

--
-- Constraints for table `menucategories`
--
ALTER TABLE `menucategories`
  ADD CONSTRAINT `menucategories_menu_id_foreign` FOREIGN KEY (`menu_id`) REFERENCES `menus` (`id`) ON DELETE CASCADE;

--
-- Constraints for table `orderdetails`
--
ALTER TABLE `orderdetails`
  ADD CONSTRAINT `orderdetails_menu_id_foreign` FOREIGN KEY (`menu_id`) REFERENCES `menus` (`id`) ON DELETE CASCADE,
  ADD CONSTRAINT `orderdetails_order_id_foreign` FOREIGN KEY (`order_id`) REFERENCES `orders` (`id`) ON DELETE CASCADE;
COMMIT;

/*!40101 SET CHARACTER_SET_CLIENT=@OLD_CHARACTER_SET_CLIENT */;
/*!40101 SET CHARACTER_SET_RESULTS=@OLD_CHARACTER_SET_RESULTS */;
/*!40101 SET COLLATION_CONNECTION=@OLD_COLLATION_CONNECTION */;
